10087,The Acadiana Outreach Center, 125 South Buchanan Street Lafayette LA 70501 tel: (337) 237-7618 fax: (337) 237-7650 : 58-1925867 ,http://www.acadianaoutreach.org/,1 stars,"($56,435)",Human Services,Social Services,www.charitynavigator.org/index.cfm?bay=search.summary&orgid=10087,OutreachPR@gmail.com
10184,Activated Ministries, 735 S Vinewood St Escondido CA 92029 tel: (760) 739-1240 fax: (760) 739-1160 : 33-0857142 ,http://www.activatedministries.org,1 stars,"$2,529,549 ",Religion,Religious Activities,www.charitynavigator.org/index.cfm?bay=search.summary&orgid=10184,info@actmin.org
15381,Actors Playhouse, 280 Miracle Mile Coral Gables FL 33134 tel: (305) 444-9293 fax: (305) 444-4181 : 65-0060167 ,http://www.actorsplayhouse.org/,1 stars,"$3,620,171 ",Arts Culture Humanities,Performing Arts,www.charitynavigator.org/index.cfm?bay=search.summary&orgid=15381,develop@actorsplayhouse.org
12503,The Aidmatrix Foundation, P.O. Box 631086 Irving TX 75063 tel: (866) 881-8882 : 81-0630197 null,http://aidmatrix.org,1 stars,"$3,781,039 ",International,Development and Relief Services,www.charitynavigator.org/index.cfm?bay=search.summary&orgid=12503,info@aidmatrix.org
8802,AIDS Community Research Initiative of America, 575 8th Avenue Suite 502 New York NY 10018 tel: (212) 924-3934 fax: (212) 924-3936 : 13-3632234,http://acria.org,1 stars,"$2,597,001 ",Health,Diseases Disorders and Disciplines,www.charitynavigator.org/index.cfm?bay=search.summary&orgid=8802,give@acria.org
7701,AIDS Research Alliance, 1400 S. Grand Ave Suite 701 Los Angeles CA 90015 tel: (310) 358-2423 fax: (310) 358-2431 : 95-4264845,http://www.aidsresearch.org/,1 stars,"$1,898,949 ",Health,Medical Research,www.charitynavigator.org/index.cfm?bay=search.summary&orgid=7701,info@aidsresearch.org
10661,Airline Ambassadors International, 1500 Massachusetts NW Suite 648 Washington DC 20005 tel: (866) 264-3586 fax: (650) 728-7855 : 75-2679444,http://www.airlineamb.org/,1 stars,"$407,209 ",International,International Peace Security and Affairs,www.charitynavigator.org/index.cfm?bay=search.summary&orgid=10661,fundraising@airlineamb.org
7261,Alabama Shakespeare Festival, One Festival Drive Montgomery AL 36117 tel: (334) 271-5337 fax: (334) 271-5348 : 63-0652734 ,http://www.asf.net/,1 stars,"$5,712,197 ",Arts Culture Humanities,Performing Arts,www.charitynavigator.org/index.cfm?bay=search.summary&orgid=7261,info@asf.net
13639,The Alabama Sheriffs' Youth Ranches, 2680 Bell Road Montgomery AL 36117 tel: (800) 548-4256 : 63-0475713 null,http://www.sheriffsranch.org/,1 stars,"$1,566,272 ",Human Services,Youth Development Shelter and Crisis Services,www.charitynavigator.org/index.cfm?bay=search.summary&orgid=13639,info@sheriffsranch.org
6766,Albany Institute of History & Art, 125 Washington Avenue Albany NY 12210 tel: (518) 463-4478 fax: (518) 463-5506 : 14-1343061 ,http://www.albanyinstitute.org/,1 stars,"$1,232,752 ",Arts Culture Humanities,Museums,www.charitynavigator.org/index.cfm?bay=search.summary&orgid=6766,information@albanyinstitute.org
13763,All India Mission, 11252 Strang Line Lenexa KS 66215 tel: (913) 829-6555 fax: (816) 373-3074 : 33-0421940PO Box 3136,http://www.allindiamission.com,1 stars,"$1,600,948 ",Religion,Religious Activities,www.charitynavigator.org/index.cfm?bay=search.summary&orgid=13763,info@allindiamission.com
10853,Alley Cat Rescue, P.O. Box 585 Mt. Rainier MD 20712 tel: (301) 277-5595 : 52-2279100 null,http://www.saveacat.org,1 stars,"$1,021,589 ",Animals,Animal Rights Welfare and Services,www.charitynavigator.org/index.cfm?bay=search.summary&orgid=10853,acr@saveacat.org
5521,Ambassadors for Christ International - USA, 1355 Terrell Mill Road Building 1462 Suite 100 Marietta GA 30067 tel: (770) 980-2020 fax: (770) 956-8144 : 58-1303476,http://afci.us/,1 stars,"$965,813 ",Religion,Religious Activities,www.charitynavigator.org/index.cfm?bay=search.summary&orgid=5521,info@afci.us
9549,American Architectural Foundation, 2101 L Street NW Suite 670 Washington DC 20037 tel: (202) 787-1001 fax: (202) 787-1002 : 52-0847434,http://www.archfoundation.org,1 stars,"$2,230,588 ",Public Benefit,Community and Housing Development,www.charitynavigator.org/index.cfm?bay=search.summary&orgid=9549,info@archfoundation.org
8004,American Breast Cancer Foundation, 1220 B East Joppa Road Suite 332 Baltimore MD 21286 tel: (877) 323-4226 fax: (410) 825-4395 : 52-2031814,http://www.abcf.org/,1 stars,"$959,635 ",Health,Diseases Disorders and Disciplines,www.charitynavigator.org/index.cfm?bay=search.summary&orgid=8004,contactABCF@abcf.org
12586,American Center for Law and Justice - District of Columbia, PO Box 90555 Washington DC 20090 tel: (757) 802-9160 : 52-2042771null,http://www.aclj.org,1 stars,"$1,012,222 ",Public Benefit,Advocacy and Civil Rights,www.charitynavigator.org/index.cfm?bay=search.summary&orgid=12586,
4918,American Friends of Ateret Cohanim, 470 Seventh Avenue Suite 311 New York NY 10018 tel: (212) 216-9270 : 11-2706563 ,http://www.ateret.org.il/english/,1 stars,"$1,036,408 ",International,Foreign Charity Support Organizations,www.charitynavigator.org/index.cfm?bay=search.summary&orgid=4918,ateret@juno.com
11351,American Friends of Beit Issie Shapiro, 51 East 42nd Street 11th Floor New York NY 10017 tel: (212) 586-2464 : 13-3434781 ,http://en.beitissie.org.il/international/united-states/welcome/,1 stars,"$1,056,547 ",International,Foreign Charity Support Organizations,www.charitynavigator.org/index.cfm?bay=search.summary&orgid=11351,info@afobis.org
14119,American Friends of Chabad of Thailand, 80 Shore Road Port Washington NY 11050 : 03-0498942 nullnull,http://www.jewishthailand.com/,1 stars,"$1,759,369 ",International,Foreign Charity Support Organizations,www.charitynavigator.org/index.cfm?bay=search.summary&orgid=14119,rabbi@jewishthailand.com
13240,American Friends of Kupat Hair, 4415 14th Avenue Brooklyn NY 11219 tel: (800) 233-2188 fax: (888) 633-2188 : 20-1523797 ,http://www.kupat.org/worldwide/,1 stars,"$4,066,298 ",International,Foreign Charity Support Organizations,www.charitynavigator.org/index.cfm?bay=search.summary&orgid=13240,info@kupat.org
13458,American Friends of Rabbinical College of Telzstone, 510 Second Street Lakewood NJ 08701 tel: (718) 854-2759 : 13-3503955nullnull,,1 stars,"$7,594,693 ",International,Foreign Charity Support Organizations,www.charitynavigator.org/index.cfm?bay=search.summary&orgid=13458,
3264,American Institute for Cancer Research, Department IHW1 1759 R Street NW Washington DC 20009 tel: (800) 843-8114 fax: (202) 328-7226 : 52-1238026,http://www.aicr.org,1 stars,"$21,740,772 ",Health,Medical Research,www.charitynavigator.org/index.cfm?bay=search.summary&orgid=3264,gifts@aicr.org
12968,The American Spectator Foundation, 1611 North Kent Street Suite 901 Arlington VA 22209 tel: (703) 807-2011 : 23-7002632 ,http://spectator.org/,1 stars,"$2,585,553 ",Arts Culture Humanities,Public Broadcasting and Media,www.charitynavigator.org/index.cfm?bay=search.summary&orgid=12968,buckleyl@spectator.org
14577,American Values, P.O. Box 1223 Merrifield VA 22116 tel: (703) 671-9700 fax: (703) 671-1680 : 52-1762320 ,http://ouramericanvalues.org/,1 stars,"$1,173,809 ",Public Benefit,Advocacy and Civil Rights,www.charitynavigator.org/index.cfm?bay=search.summary&orgid=14577,gary.bauer@amvalues.org
7831,America's Family Coaches, 2540 106th Street Suite 101 Des Moines IA 50322 tel: (888) 608-2622 fax: (515) 334-7486 : 42-1430081,http://www.americasfamilycoaches.com/,1 stars,"$1,116,999 ",Religion,Religious Media and Broadcasting,www.charitynavigator.org/index.cfm?bay=search.summary&orgid=7831,info@drgaryandbarb.com
15254,America's Packard Museum, 420 South Ludlow Street Dayton OH 45402 tel: (937) 226-1710 fax: (937) 224-1918 : 31-1340842 ,http://www.americaspackardmuseum.org/,1 stars,"$1,251,702 ",Arts Culture Humanities,Museums,www.charitynavigator.org/index.cfm?bay=search.summary&orgid=15254,americaspackard@americaspackardmuseum.org
9225,Anderson Animal Shelter, 1000 South La Fox Street South Elgin IL 60177 tel: (847) 697-2880 fax: (847) 697-8229 : 36-6164626 ,http://www.andersonanimalshelter.org/,1 stars,"$786,763 ",Animals,Animal Rights Welfare and Services,www.charitynavigator.org/index.cfm?bay=search.summary&orgid=9225,info@andersonanimalshelter.org
13854,Appalshop, 91 Madison Ave Whitesburg KY 41858 tel: (606) 633-0108 fax: (606) 633-1009 : 61-0890210 ,http://appalshop.org/,1 stars,"$1,031,115 ",Arts Culture Humanities,Performing Arts,www.charitynavigator.org/index.cfm?bay=search.summary&orgid=13854,info@appalshop.org
14139,Arctic Barnabas Ministries, 135 North Willow Street Kenai AK 99611 tel: (907) 283-3377 : 92-0172389 null,http://arcticbarnabas.org/,1 stars,"$1,113,854 ",Religion,Religious Activities,www.charitynavigator.org/index.cfm?bay=search.summary&orgid=14139,info@abmalaska.org
14089,Areivim Philanthropic Group, 6 East 39th Street 10th Floor New York NY 10016 tel: (212) 279-2288 : 20-8024537null,,1 stars,"$1,879,054 ",Public Benefit,Fundraising Organizations,www.charitynavigator.org/index.cfm?bay=search.summary&orgid=14089,
10099,Arkansas Sheriffs' Youth Ranches, P.O. Box 3964 Batesville AR 72503 tel: (870) 793-6841 fax: (870) 793-9012 : 71-0471266 ,http://www.youthranches.com/,1 stars,"$2,089,692 ",Human Services,Children's and Family Services,www.charitynavigator.org/index.cfm?bay=search.summary&orgid=10099,cknife@conwaycorp.net
14461,Armenian Gospel Mission, 2650 East Foothill Boulevard Pasadena CA 91117 tel: (626) 744-3221 fax: (626) 744-3224 : 23-7089113 ,http://armeniangospelmission.org/,1 stars,"$1,203,899 ",International,Development and Relief Services,www.charitynavigator.org/index.cfm?bay=search.summary&orgid=14461,office@armeniangospelmission.org
12995,As You Sow, 1611 Telegraph Avenue Suite 1450 Oakland CA 94612 tel: (510) 735-8158 fax: (510) 735-8143 : 94-3169008,http://AsYouSow.org,1 stars,"$1,450,474 ",Environment,Environmental Protection and Conservation,www.charitynavigator.org/index.cfm?bay=search.summary&orgid=12995,bmcmahon@asyousow.org
15106,Association of Waldorf Schools of North America, 2142A Washtenaw Avenue Ypsilanti MI 48197 tel: (612) 870-8310 : 23-2083226 null,http://www.whywaldorfworks.org/,1 stars,"$1,796,286 ",Education,Other Education Programs and Services,www.charitynavigator.org/index.cfm?bay=search.summary&orgid=15106,awsna@awsna.org
8994,The Atlanta Opera, 1575 Northside Drive NW Building 300 Suite 350 Atlanta GA 30318 tel: (404) 881-8801 fax: (404) 881-1711 : 58-1371843,http://www.atlantaopera.org/,1 stars,"$4,099,149 ",Arts Culture Humanities,Performing Arts,www.charitynavigator.org/index.cfm?bay=search.summary&orgid=8994,info@atlantaopera.org
3762,Back to the Bible, 6400 Cornhusker Highway Lincoln NE 68501 tel: (800) 759-2425 fax: (402) 464-7474 : 47-0405317P.O. Box 82808,http://www.backtothebible.org,1 stars,"$6,592,991 ",Religion,Religious Media and Broadcasting,www.charitynavigator.org/index.cfm?bay=search.summary&orgid=3762,info@backtothebible.org
9058,Back to the Bible Foundation, 6400 Cornhusker Highway P.O. Box 82808 Lincoln NE 68501 tel: (800) 759-2425 fax: (402) 464-7474 : 47-6022615,http://www.backtothebible.org/,1 stars,"$1,110,920 ",Public Benefit,Fundraising Organizations,www.charitynavigator.org/index.cfm?bay=search.summary&orgid=9058,info@backtothebible.org
4915,Bayith Lepleitot, 1362 East 21st Street Brooklyn NY 11210 tel: (718) 252-3172 fax: (718) 692-0993 : 11-2213686 ,http://www.mnemotrix.com/girlstown/index.html,1 stars,"$7,831,423 ",International,Foreign Charity Support Organizations,www.charitynavigator.org/index.cfm?bay=search.summary&orgid=4915,bayitl@netvision.net.il
3361,Bible Broadcasting Network, P.O. Box 7300 Charlotte NC 28241 tel: (800) 888-7077 : 54-0888863 null,http://www.bbnradio.org,1 stars,"$12,022,932 ",Religion,Religious Media and Broadcasting,www.charitynavigator.org/index.cfm?bay=search.summary&orgid=3361,gift@bbnradio.org
14071,Bible Education & Missionary Service, 15444 Duckworth Road Gulfport MS 39503 tel: (228) 832-1096 fax: (228) 832-1695 : 56-2460700P.O. Box 10200,http://www.beamsbibles.com/,1 stars,"$1,433,072 ",Religion,Religious Media and Broadcasting,www.charitynavigator.org/index.cfm?bay=search.summary&orgid=14071,office@beamsbibles.com
8978,Bill of Rights Institute, 200 North Glebe Road Suite 200 Arlington VA 22203 tel: (703) 894-1776 fax: (703) 894-1791 : 48-0891418,http://www.billofrightsinstitute.org/,1 stars,"$2,260,016 ",Education,Other Education Programs and Services,www.charitynavigator.org/index.cfm?bay=search.summary&orgid=8978,info@billofrightsinstitute.org
12873,BIO Ventures for Global Health, 401 Terry Avenue North Seattle WA 98109 : 30-0213137 nullnull,http://www.bvgh.org,1 stars,"$2,324,090 ",Health,Medical Research,www.charitynavigator.org/index.cfm?bay=search.summary&orgid=12873,info@bvgh.org
12782,BLESS USA, P.O.Box 384 Cedar Grove NJ 07009 tel: (973) 857-4299 fax: (973) 857-6300 : 13-3602362 ,http://www.blessusa.org,1 stars,"$1,106,533 ",International,Foreign Charity Support Organizations,www.charitynavigator.org/index.cfm?bay=search.summary&orgid=12782,info@blessusa.org
5476,B'nai B'rith International, 1120 20th Street NW Suite 300 North Washington DC 20036 tel: (800) 573-9057 fax: (202) 857-6609 : 53-0179971,http://bnaibrith.org,1 stars,"$7,002,140 ",International,Foreign Charity Support Organizations,www.charitynavigator.org/index.cfm?bay=search.summary&orgid=5476,fundraising@bnaibrith.org
10120,Bread of Life Mission, 97 S. Main Street Seattle WA 98104 tel: (206) 682-3579 fax: (206) 682-3761 : 91-6057907 ,http://www.breadoflifemission.org/,1 stars,"$3,278,877 ",Human Services,Homeless Services,www.charitynavigator.org/index.cfm?bay=search.summary&orgid=10120,markd@breadoflifemission.org
12695,Breast Cancer Prevention Fund, PO Box 1508 Everett WA 98206 tel: (877) 810-5921 : 03-0549678 null,http://breastcancerpreventionfund.org,1 stars,"$2,087,660 ",Health,Treatment and Prevention Services,www.charitynavigator.org/index.cfm?bay=search.summary&orgid=12695,info@breastcancerpreventionfund.org
5826,The Breast Cancer Relief Foundation, 615 Baronne Street Suite 301 New Orleans LA 70113 tel: (504) 529-3258 : 94-3065923,http://breastcancerrelief.org/,1 stars,"$7,037,240 ",Health,Diseases Disorders and Disciplines,www.charitynavigator.org/index.cfm?bay=search.summary&orgid=5826,
13563,Calcutta Mercy Ministries, 200 West McIntosh Road Griffins GA 30224 tel: (888) 637-2987 : 20-3432133 null,http://www.buntain.org/,1 stars,"$1,738,874 ",International,Development and Relief Services,www.charitynavigator.org/index.cfm?bay=search.summary&orgid=13563,finance@buntain.org
8649,California Center for the Arts Escondido, 340 North Escondido Boulevard Escondido CA 92025 tel: (760) 839-4138 fax: (760) 739-0205 : 33-0646517 ,http://www.artcenter.org/,1 stars,"$3,453,255 ",Arts Culture Humanities,Performing Arts,www.charitynavigator.org/index.cfm?bay=search.summary&orgid=8649,development@artcenter.org
12523,California Dental Association Foundation, 1201 K Street Suite 1511 Sacramento CA 95814 tel: (800) 232-7645 fax: (916) 498-6182 : 68-0411536,http://www.cdafoundation.org,1 stars,"$2,305,924 ",Health,Diseases Disorders and Disciplines,www.charitynavigator.org/index.cfm?bay=search.summary&orgid=12523,foundationinfo@cda.org
5797,California Police Activities League, 2000 East Fourteenth Street San Leandro CA 94577 tel: (800) 622-5725 fax: (510) 544-4350 : 94-1752116 ,http://www.calpal.org/,1 stars,"$1,104,950 ",Human Services,Youth Development Shelter and Crisis Services,www.charitynavigator.org/index.cfm?bay=search.summary&orgid=5797,donate@calpal.org
11703,California Wilderness Coalition, P.O. Box 11094 Oakland CA 94611 tel: (510) 451-1450 : 51-0183228 null,http://www.calwild.org,1 stars,"$480,868 ",Animals,Wildlife Conservation,www.charitynavigator.org/index.cfm?bay=search.summary&orgid=11703,info@calwild.org
11372,Cancer Lifeline, Dorothy S. O'Brien Center 6522 Fremont Ave N. Seattle WA 98103 tel: (206) 297-2100 fax: (206) 297-2200 : 91-6182951,http://www.cancerlifeline.org/,1 stars,"$948,588 ",Health,Patient and Family Support,www.charitynavigator.org/index.cfm?bay=search.summary&orgid=11372,aboyle@cancerlifeline.org
11787,Cancer Support Services, Cancer Support Services Suite P12 Dearborn MI 48124 tel: (888) 840-5242 : 42-1568866 ,http://www.cancersupportservices.net/,1 stars,"$9,805,984 ",Public Benefit,Fundraising Organizations,www.charitynavigator.org/index.cfm?bay=search.summary&orgid=11787,support@cfasupportservices.net
11554,Catholic Answers, 2020 Gillespie Way El Cajon CA 92020 tel: (619) 387-7200 : 95-3754404null,http://www.catholic.com,1 stars,"$6,024,488 ",Religion,Religious Activities,www.charitynavigator.org/index.cfm?bay=search.summary&orgid=11554,
7761,Catholics United for the Faith, 827 North Fourth Street Steubenville OH 43952 tel: (740) 283-2484 fax: (740) 283-4011 : 13-2621966 ,http://www.cuf.org,1 stars,"$1,126,753 ",Religion,Religious Activities,www.charitynavigator.org/index.cfm?bay=search.summary&orgid=7761,info@cuf.org
14057,Caucus Educational Corporation, 25 Pompton Avenue Suite 204 Verona NJ 07044 tel: (973) 233-9890 fax: (973) 233-9897 : 22-3240680,http://www.caucusnj.org/,1 stars,"$3,221,189 ",Arts Culture Humanities,Public Broadcasting and Media,www.charitynavigator.org/index.cfm?bay=search.summary&orgid=14057,
15234,The Center for Courageous Kids, 1501 Burnley Road Scottsville KY 42164 tel: (270) 618-2900 fax: (270) 618-2902 : 20-1789905 ,http://www.courageouskids.org/,1 stars,"$1,967,608 ",Health,Patient and Family Support,www.charitynavigator.org/index.cfm?bay=search.summary&orgid=15234,info@courageouskids.org
10480,Center for Mind-Body Medicine, 5225 Connecticut Ave. NW Suite 415 Washington DC 20015 tel: (202) 966-7338 fax: (202) 966-2589 : 52-1755744,http://www.cmbm.org,1 stars,"$1,159,928 ",Health,Patient and Family Support,www.charitynavigator.org/index.cfm?bay=search.summary&orgid=10480,jandrews@cmbm.org
6161,Charity Motors, 10431 Grand River Avenue Detroit MI 48204 tel: (888) 908-2277 : 38-3251827 null,http://www.charitymotors.org/,1 stars,"$7,145,993 ",Human Services,Social Services,www.charitynavigator.org/index.cfm?bay=search.summary&orgid=6161,contact@charitymotors.org
6980,Charles H. Wright Museum of African American History, 315 East Warren Avenue Detroit MI 48201 tel: (313) 494-5852 : 38-1882096 null,http://thewright.org/index.php,1 stars,"$4,295,057 ",Arts Culture Humanities,Museums,www.charitynavigator.org/index.cfm?bay=search.summary&orgid=6980,info@chwmuseum.org
9669,Cherokee National Historical Society, 21192 Keeler Park Hill OK 74451 tel: (888) 999-6007 fax: (918) 456-6165 : 73-6103406P.O. Box 515,http://www.cherokeeheritage.org,1 stars,"$1,547,380 ",Arts Culture Humanities,Libraries Historical Societies and Landmark Preservation,www.charitynavigator.org/index.cfm?bay=search.summary&orgid=9669,betty-koehn@cherokee.org
6698,Children's Bible Fellowship of New York, 250 Nimham Road Carmel NY 10512 tel: (845) 225-2005 fax: (845) 225-2087 : 11-1834468P.O. Box 670,http://www.cbfny.org/,1 stars,"$914,287 ",Religion,Religious Activities,www.charitynavigator.org/index.cfm?bay=search.summary&orgid=6698,camp@cbfny.org
7032,Children's Cancer Research Fund, 7301 Ohms Lane Suite 460 Minneapolis MN 55439 tel: (888) 422-7348 fax: (952) 893-9366 : 41-1893645,http://www.childrenscancer.org/,1 stars,"$9,301,640 ",Health,Diseases Disorders and Disciplines,www.charitynavigator.org/index.cfm?bay=search.summary&orgid=7032,development@childrenscancer.org
11024,Children's Lifeline, 194 Sunset Drive Clay City KY 40312 tel: (606) 663-3459 fax: (606) 663-2175 : 38-2928770 ,http://www.childrenslifeline.com/,1 stars,"$3,253,585 ",International,Development and Relief Services,www.charitynavigator.org/index.cfm?bay=search.summary&orgid=11024,missionlifeline@bellsouth.net
14144,Christ Reaching Asia Mission Worldwide, 601 Lincoln Avenue Bedford IN 47421 tel: (812) 275-6476 : 35-2047209 null,http://www.cramwinc.org/,1 stars,"$1,355,867 ",International,Development and Relief Services,www.charitynavigator.org/index.cfm?bay=search.summary&orgid=14144,cramwinc@kiva.net
14078,Christian Healing Ministries Inc., 438 West 67th Street Jacksonville FL 32208 tel: (904) 765-3332 fax: (904) 765-4224 : 59-2144931,http://www.christianhealingmin.org,1 stars,"$1,477,021 ",Religion,Religious Activities,www.charitynavigator.org/index.cfm?bay=search.summary&orgid=14078,
9509,Christian Life Resources, 3070 Helsan Drive Richfield WI 53076 tel: (800) 729-9535 fax: (262) 677-5269 : 39-1601307,http://www.christianliferesources.com/,1 stars,"$678,100 ",Religion,Religious Activities,www.charitynavigator.org/index.cfm?bay=search.summary&orgid=9509,
5077,Christian Research Institute, P.O. Box 8500 Charlotte NC 28271 tel: (888) 700-0274 fax: (704) 887-8299 : 22-6063412 ,http://www.equip.org,1 stars,"$3,628,811 ",Religion,Religious Media and Broadcasting,www.charitynavigator.org/index.cfm?bay=search.summary&orgid=5077,young@equip.org
3403,CIS Development Foundation, 77 Milltown Road Suite 8C East Brunswick NJ 08816 tel: (732) 432-7037 fax: (732) 432-7034 : 22-3304404,http://www.cisdf.org,1 stars,"$43,810,215 ",International,Humanitarian Relief Supplies,www.charitynavigator.org/index.cfm?bay=search.summary&orgid=3403,maria@cisdf.org
6134,The Citizenship Education Fund, 930 East 50th Street Chicago IL 60615 tel: (773) 373-3366 : 34-1447977nullnull,,1 stars,"$2,877,141 ",Public Benefit,Research and Public Policy Institutions,www.charitynavigator.org/index.cfm?bay=search.summary&orgid=6134,
6806,CJ Foundation for SIDS, HUMC - WFAN Pediatric Center 30 Prospect Avenue Hackensack NJ 07601 tel: (888) 825-7437 fax: (551) 996-5326 : 22-3280254,http://www.cjsids.org/,1 stars,"$992,744 ",Health,Diseases Disorders and Disciplines,www.charitynavigator.org/index.cfm?bay=search.summary&orgid=6806,info@cjsids.org
14323,Clearwater Camp Foundation, 7490 East Clearwater Road Minocqua WI 54548 tel: (773) 732-2901 fax: (715) 356-3124 : 43-2024465 ,http://www.clearwatercamp.org/,1 stars,"$1,301,161 ",Public Benefit,Fundraising Organizations,www.charitynavigator.org/index.cfm?bay=search.summary&orgid=14323,info@clearwatercamp.org
10346,Coalition for Pulmonary Fibrosis, 10866 W. Washington Boulevard #343 Culver City CA 90232 tel: (888) 222-8541 : 91-2144423 ,http://www.coalitionforpf.org/,1 stars,"$637,965 ",Health,Diseases Disorders and Disciplines,www.charitynavigator.org/index.cfm?bay=search.summary&orgid=10346,info@coalitionforpf.org
14224,Community Soup Kitchen and Outreach Center Inc., 36 South Street Morristown NJ 07960 tel: (973) 267-0709 : 22-3084025 null,http://cskmorristown.org/,1 stars,"$1,353,925 ",Human Services,Food Banks Food Pantries and Food Distribution,www.charitynavigator.org/index.cfm?bay=search.summary&orgid=14224,marla@cskmorristown.org
3557,Concerned Women for America, 1015 Fifteenth Street NW Suite 1100 Washington DC 20005 tel: (800) 458-8797 fax: (202) 488-0806 : 95-3580834,http://www.cwfa.org,1 stars,"$6,306,146 ",Public Benefit,Advocacy and Civil Rights,www.charitynavigator.org/index.cfm?bay=search.summary&orgid=3557,mail@cwfa.org
8091,The Conservative Caucus Research Analysis & Education Foundation, 450 Maple Avenue E Vienna VA 22180 tel: (703) 281-6782 : 51-0206842 null,http://www.conservativeusa.org,1 stars,"$450,271 ",Public Benefit,Research and Public Policy Institutions,www.charitynavigator.org/index.cfm?bay=search.summary&orgid=8091,webmaster@conservativeusa.org
6742,Contemplative Outreach, 10 Park Place Suite 2B Butler NJ 07405 tel: (973) 838-3384 fax: (973) 492-5795 : 13-3345685,http://www.contemplativeoutreach.org/,1 stars,"$953,480 ",Religion,Religious Activities,www.charitynavigator.org/index.cfm?bay=search.summary&orgid=6742,office@coutreach.org
14027,Cook Inlet Regional Citizens Advisory Council, 8195 Kenai Spur Highway Kenai AK 99611 tel: (800) 652-7222 fax: (907) 283-6102 : 92-0135368 ,http://circac.org/,1 stars,"$1,222,049 ",Environment,Environmental Protection and Conservation,www.charitynavigator.org/index.cfm?bay=search.summary&orgid=14027,circac@circac.org
14094,Creative Ministries Inc., 1875 Junction Road Manheim PA 17545 tel: (717) 392-3690 fax: (717) 459-3710 : 23-2269420 ,http://wjtl.com/,1 stars,"$1,897,518 ",Religion,Religious Media and Broadcasting,www.charitynavigator.org/index.cfm?bay=search.summary&orgid=14094,contact@wjtl.com
11705,Crescent Project, P. O. Box 50986 Indianapolis IN 46250 tel: (888) 446-5457 : 35-1790297 null,http://crescentproject.org,1 stars,"$1,022,107 ",Religion,Religious Activities,www.charitynavigator.org/index.cfm?bay=search.summary&orgid=11705,info@crescentproject.org
10847,Crossroads Nogales Mission, 338 Morley Avenue P.O. Box 2246 Nogales AZ 85628 tel: (520) 287-5828 fax: (520) 397-9623 : 86-0804463,http://crossroadnewlifecenter.org/,1 stars,"$1,131,232 ",Human Services,Homeless Services,www.charitynavigator.org/index.cfm?bay=search.summary&orgid=10847,crossroadsmission@qwestoffice.net
3603,D.E.L.T.A. Rescue (Dedication and Everlasting Love to Animals), P.O. Box 9 Glendale CA 91209 tel: (661) 269-4010 : 95-3759277 null,http://www.deltarescue.org,1 stars,"$7,603,249 ",Animals,Animal Rights Welfare and Services,www.charitynavigator.org/index.cfm?bay=search.summary&orgid=3603,contact@deltarescue.org
9842,Dance Exchange, 7117 Maple Avenue Takoma Park MD 20912 tel: (301) 270-6700 fax: (301) 270-2626 : 52-1076232 ,http://www.danceexchange.org,1 stars,"$367,172 ",Arts Culture Humanities,Performing Arts,www.charitynavigator.org/index.cfm?bay=search.summary&orgid=9842,mail@danceexchange.org
15300,DAPCEP, 2111 Woodward Avenue Suite 506-1 Detroit MI 48202 tel: (313) 831-3050 fax: (313) 831-5633 : 38-2451827,http://www.dapcep.org/,1 stars,"$3,472,170 ",Education,Other Education Programs and Services,www.charitynavigator.org/index.cfm?bay=search.summary&orgid=15300,lpnowak@dapcep.org
11277,The David Project, P.O. Box 52390 Boston MA 02205 tel: (617) 428-0012 fax: (617) 428-0013 : 16-1616489 ,http://www.davidproject.org,1 stars,"$2,824,763 ",Education,Other Education Programs and Services,www.charitynavigator.org/index.cfm?bay=search.summary&orgid=11277,info@davidproject.org
7766,DIFFA, 200 Lexington Avenue Suite 707 New York NY 10016 tel: (212) 727-3100 fax: (212) 727-2574 : 13-3224150,http://www.diffa.org,1 stars,"$1,602,822 ",Health,Diseases Disorders and Disciplines,www.charitynavigator.org/index.cfm?bay=search.summary&orgid=7766,info@diffa.org
11923,Dream House for Medically Fragile Children, 2092 Scenic Highway Suite B Snellville GA 30078 tel: (770) 717-7410 fax: (770) 923-0659 : 58-2654766,http://www.dreamhouseforkids.org,1 stars,"$237,053 ",Health,Patient and Family Support,www.charitynavigator.org/index.cfm?bay=search.summary&orgid=11923,info@dreamhouseforkids.org
6894,Eastside Community Ministry, 221 Stillwell Street P.O. Box 965 Zanesville OH 43702 tel: (740) 452-7519 fax: (740) 455-9815 : 31-0952074,http://www.eastsideministry.org/,1 stars,"$591,637 ",Human Services,Homeless Services,www.charitynavigator.org/index.cfm?bay=search.summary&orgid=6894,ecm@eastsideministry.org
13966,Emmanuel Christian Seminary, One Walker Drive Johnson City TN 37601 tel: (800) 933-3771 fax: (423) 926-6198 : 62-0819352 ,http://www.ecs.edu/ECS/Home.aspx,1 stars,"$4,243,548 ",Education,Universities Graduate Schools and Technological Institutes,www.charitynavigator.org/index.cfm?bay=search.summary&orgid=13966,development@ecs.edu
10262,Emmaus H.O.M.E., P.O. Box 10 Orland  ME 04472 tel: (207) 469-7961 fax: (207) 469-1023 : 01-0287624 ,http://www.homemmausa.org/,1 stars,"$1,053,228 ",Public Benefit,Community and Housing Development,www.charitynavigator.org/index.cfm?bay=search.summary&orgid=10262,info@homecoop.net
5447,The European Institute, 1001 Connecticut Avenue NW Suite 220 Washington DC 20036 tel: (202) 895-1670 : 52-1627721 ,http://www.europeaninstitute.org,1 stars,"$706,714 ",International,International Peace Security and Affairs,www.charitynavigator.org/index.cfm?bay=search.summary&orgid=5447,info@europeaninstitute.org
14262,Evangel Ministries Inc., 1909 West Second Street Appleton WI 54914 tel: (800) 236-9364 fax: (920) 749-0474 : 39-1280969 ,http://919.thefamily.net/home-919.php,1 stars,"$1,307,690 ",Religion,Religious Media and Broadcasting,www.charitynavigator.org/index.cfm?bay=search.summary&orgid=14262,AndyK@thefamily.net
13478,Excellent Education for Everyone, 123 Church Street Floor 2 New Brunswick NJ 08901 tel: (732) 964-3100 fax: (732) 964-3104 : 22-3662542,http://www.nje3.org/,1 stars,"$645,740 ",Education,Other Education Programs and Services,www.charitynavigator.org/index.cfm?bay=search.summary&orgid=13478,info@nje3.org
11079,Faith and Action, 109 2nd Street NE Washington  DC 20002 tel: (202) 546-8329 : 22-2443279 null,http://faithandaction.org,1 stars,"$1,816,861 ",Religion,Religious Activities,www.charitynavigator.org/index.cfm?bay=search.summary&orgid=11079,Peggy@FaithandAction.org
6934,Faith Mission of Elkhart, 801 Benham Avenue P.O. Box 1728 Elkhart IN 46516 tel: (574) 293-3406 fax: (574) 293-0358 : 35-6033504,http://thefaithmission.org/,1 stars,"$2,375,908 ",Human Services,Homeless Services,www.charitynavigator.org/index.cfm?bay=search.summary&orgid=6934,mike@thefaithmission.org
8850,Family Emergency Shelter Coalition, 21455 Birch Street Box 5 Hayward CA 94541 tel: (510) 886-5473 : 94-3029991 ,http://www.fescofamilyshelter.org,1 stars,"$961,377 ",Human Services,Homeless Services,www.charitynavigator.org/index.cfm?bay=search.summary&orgid=8850,fesco@fescofamilyshelter.org
3686,Family Radio, 290 Hegenberger Road Oakland CA 94621 tel: (800) 543-1495 : 94-1442453 null,http://www.familyradio.com,1 stars,"$35,989,939 ",Religion,Religious Media and Broadcasting,www.charitynavigator.org/index.cfm?bay=search.summary&orgid=3686,familyradio@familyradio.org
5003,The Fellowship of Reconciliation, 521 North Broadway Nyack NY 10960 tel: (845) 358-4601 fax: (845) 358-4924 : 13-3792144P.O. Box 271,http://www.forusa.org,1 stars,"$1,328,215 ",International,International Peace Security and Affairs,www.charitynavigator.org/index.cfm?bay=search.summary&orgid=5003,development@forusa.org
10273,Find the Children, 2656 29th Street Suite 203 Santa Monica CA 90405 tel: (310) 314-3213 fax: (310) 314-3169 : 95-3822577,http://www.findthechildren.com/,1 stars,"$705,797 ",Public Benefit,Advocacy and Civil Rights,www.charitynavigator.org/index.cfm?bay=search.summary&orgid=10273,findthechild@earthlink.net
8337,First Night Boston, 36 Bromfield Street Suite 204 Boston MA 02108 tel: (617) 542-1399 fax: (617) 426-9531 : 04-2609422,http://www.firstnight.org/,1 stars,"$844,823 ",Arts Culture Humanities,Performing Arts,www.charitynavigator.org/index.cfm?bay=search.summary&orgid=8337,info@firstnight.org
12295,Flatbush Volunteers of Hatzoloh, 1880 Ocean Ave. Brooklyn NY 11230 tel: (718) 376-1900 fax: (718) 339-6204 : 13-3213138,http://www.flatbushhatzoloh.org/,1 stars,"$1,042,100 ",Health,Treatment and Prevention Services,www.charitynavigator.org/index.cfm?bay=search.summary&orgid=12295,
5191,FOCAS, 64 East McMicken Avenue 2nd Floor Cincinnati OH 45202 tel: (513) 621-5300 fax: (513) 621-5307 : 31-1237943,http://www.focas-us.org,1 stars,"$625,845 ",International,Development and Relief Services,www.charitynavigator.org/index.cfm?bay=search.summary&orgid=5191,FOCAS@focas-us.org
11379,The Forge for Families, 3435 Dixie Drive Houston TX 77021 tel: (713) 660-1864 : 76-0485959 null,http://www.forgeforfamilies.org/,1 stars,"$1,059,062 ",Human Services,Children's and Family Services,www.charitynavigator.org/index.cfm?bay=search.summary&orgid=11379,aflorence@forgeforfamilies.org
7672,Foundation for Children with Cancer, 11414 West Park Place Suite 202 Milwaukee WI 53224 tel: (866) 800-8860 fax: (314) 843-9362 : 43-1688473,http://www.childrenwithcancer.org/,1 stars,"$257,217 ",Health,Patient and Family Support,www.charitynavigator.org/index.cfm?bay=search.summary&orgid=7672,info@childrenwithcancer.org
10182,Foundation to Eradicate Duchenne, P.O. Box 2371 Alexandria VA 22301 tel: (703) 683-7500 fax: (703) 683-4482 : 71-0874241 ,http://www.duchennemd.org/,1 stars,"$868,867 ",Public Benefit,Fundraising Organizations,www.charitynavigator.org/index.cfm?bay=search.summary&orgid=10182,donations@duchennemd.org
13624,Friends of Refugees of Eastern Europe Inc., 2935 W. Devon Avenue Chicago IL 60659 tel: (773) 274-5123 fax: (773) 274-3810 : 36-2822431 ,http://www.obshina.com/,1 stars,"$1,059,478 ",Human Services,Social Services,www.charitynavigator.org/index.cfm?bay=search.summary&orgid=13624,free@obshina.com
13609,Fund for Boston Neighborhoods, PO Box 961555 Boston MA 02196 tel: (617) 635-3606 : 04-6185609 null,http://www.fbni.org/,1 stars,"$1,936,573 ",Public Benefit,Community and Housing Development,www.charitynavigator.org/index.cfm?bay=search.summary&orgid=13609,kate@fbni.org
3747,General Israel Orphans Home for Girls USA, 132 Nassau Street Suite 725 New York NY 10038 tel: (888) 203-7222 fax: (212) 385-3441 : 13-5640819,http://www.gioh.org,1 stars,"$4,176,327 ",International,Foreign Charity Support Organizations,www.charitynavigator.org/index.cfm?bay=search.summary&orgid=3747,info@gioh.org
7544,The Genesis Foundation for Children, 1347 Main Street Second Floor Waltham MA 02451 tel: (781) 890-4282 fax: (781) 487-2361 : 04-2760083,http://www.thegenfound.org/,1 stars,"$698,583 ",Public Benefit,Fundraising Organizations,www.charitynavigator.org/index.cfm?bay=search.summary&orgid=7544,info@thegenfound.org
8521,Georgia Sheriffs' Association, 3000 Highway 42 North P.O. Box 1000 Stockbridge GA 30281 tel: (770) 914-1076 fax: (770) 914-1179 : 58-0808948,http://www.georgiasheriffs.org,1 stars,"$2,565,215 ",Human Services,Multipurpose Human Service Organizations,www.charitynavigator.org/index.cfm?bay=search.summary&orgid=8521,membership@georgiasheriffs.org
4933,Girls' Town/Or Chadash, 1431 Coney Island Avenue Brooklyn NY 11230 tel: (718) 258-1212 fax: (718) 258-8875 : 11-6156180 ,http://www.gtoc.org/,1 stars,"$1,867,495 ",Religion,Religious Activities,www.charitynavigator.org/index.cfm?bay=search.summary&orgid=4933,info@gtoc.org
4957,Givat Haviva Educational Foundation, 114 West 26th Street Suite 1001 New York NY 10001 tel: (212) 989-9272 fax: (212) 989-9840 : 13-2584337,http://www.givathaviva.org,1 stars,"$363,807 ",International,International Peace Security and Affairs,www.charitynavigator.org/index.cfm?bay=search.summary&orgid=4957,info@givathaviva.org
14105,Global Celebration, P.O. Box 755 Valrico FL 33595 tel: (717) 395-9710 : 91-1341558 null,http://www.globalcelebration.com/,1 stars,"$2,835,907 ",Religion,Religious Activities,www.charitynavigator.org/index.cfm?bay=search.summary&orgid=14105,gb@globalcelebration.com
14452,Global Solutions for Infectious Diseases, 830 Dubugue Avenue South San Francisco CA 94080 tel: (650) 228-7900 fax: (650) 228-7901 : 20-0941177,http://gsid.org/,1 stars,"$1,302,771 ",Health,Medical Research,www.charitynavigator.org/index.cfm?bay=search.summary&orgid=14452,
13792,Global Training Network, 7558 W. Thunderbird Rd. Ste. 1 P.M.B. 449 Peoria AZ 85381 tel: (623) 217-3867 fax: (623) 321-5805 : 68-0586399,http://www.globaltrainingnetwork.org/,1 stars,"$2,388,365 ",Religion,Religious Activities,www.charitynavigator.org/index.cfm?bay=search.summary&orgid=13792,info@globaltrainingnetwork.org
11673,GOAL USA, 41 Union Square Suite 414 New York NY 10003 tel: (212) 831-7420 : 13-3492792 ,http://www.goalusa.org/,1 stars,"$569,885 ",International,Development and Relief Services,www.charitynavigator.org/index.cfm?bay=search.summary&orgid=11673,info@goalusa.org
8002,Goodwill Rescue Mission, 79 University Avenue Newark NJ 07102 tel: (973) 621-0016 fax: (973) 621-1924 : 22-1487207P.O. Box 7026,http://www.grmnewark.org,1 stars,"$2,020,417 ",Human Services,Homeless Services,www.charitynavigator.org/index.cfm?bay=search.summary&orgid=8002,goodwill@grmnewark.org
13969,Grounds for Sculpture Inc., 18 Fairgrounds Road Hamilton NJ 08619 tel: (609) 586-0616 fax: (609) 586-0968 : 22-3694371 ,http://www.groundsforsculpture.org/,1 stars,"$3,823,364 ",Arts Culture Humanities,Museums,www.charitynavigator.org/index.cfm?bay=search.summary&orgid=13969,info@groundsforsculpture.org
14447,Haitian Christian Mission, 4550 Highway 20 SE Conyers GA 30013 tel: (678) 787-9555 fax: (800) 856-4463 : 43-1170717 ,http://www.haitianchristianmission.org/,1 stars,"$1,509,999 ",Religion,Religious Activities,www.charitynavigator.org/index.cfm?bay=search.summary&orgid=14447,info@haitianchristianmission.org
6798,The Haitian Project, P.O. Box 6891 Providence RI 02940 tel: (401) 351-3624 : 22-2700013 null,http://haitianproject.org/,1 stars,"$1,170,785 ",International,Development and Relief Services,www.charitynavigator.org/index.cfm?bay=search.summary&orgid=6798,development@haitianproject.org
4963,Hale House Center, 152 West 122nd Street New York NY 10027 tel: (212) 663-0700 fax: (212) 749-2888 : 13-2700687 ,http://www.halehouse.org,1 stars,"$2,360,251 ",Human Services,Youth Development Shelter and Crisis Services,www.charitynavigator.org/index.cfm?bay=search.summary&orgid=4963,inquiry@halehouse.org
6334,Harrison International, 2109 East 69th Street Tulsa OK 74136 tel: (800) 632-4653 fax: (918) 496-3072 : 73-1167758 ,http://www.increase.org,1 stars,"$1,276,593 ",Religion,Religious Activities,www.charitynavigator.org/index.cfm?bay=search.summary&orgid=6334,info@increase.org
5235,Hasten Hebrew Academy of Indianapolis, 6602 Hoover Road Indianapolis IN 46260 tel: (317) 251-1261 fax: (317) 479-3123 : 35-1185540 ,http://www.hhai.org/,1 stars,"$2,662,561 ",Education,Private Elementary and Secondary Schools,www.charitynavigator.org/index.cfm?bay=search.summary&orgid=5235,mekhaus@hhai.org
3813,Help Hospitalized Veterans, 36585 Penfield Lane Winchester CA 92596 tel: (888) 567-8387 fax: (951) 926-3569 : 95-2706737 ,http://www.hhv.org,1 stars,"$24,713,978 ",Human Services,Social Services,www.charitynavigator.org/index.cfm?bay=search.summary&orgid=3813,info@hhv.org
7722,Heritage for the Blind, 2071 Flatbush Avenue Suite 63 Brooklyn NY 11234 tel: (800) 366-2832 : 58-2164446 ,http://www.hftb.org/,1 stars,"$4,164,022 ",Human Services,Social Services,www.charitynavigator.org/index.cfm?bay=search.summary&orgid=7722,info@hftb.org
14942,Hilton Head Symphony Orchestra, 2 Park Lane Suite 300/301 Hilton Head Island SC 29928 tel: (843) 842-2055 fax: (843) 842-2032 : 57-0761297,http://www.hhso.org/,1 stars,"$1,419,732 ",Arts Culture Humanities,Performing Arts,www.charitynavigator.org/index.cfm?bay=search.summary&orgid=14942,sbergin@hhso.org
6701,Hineni, 232 West End Avenue New York NY 10023 tel: (212) 496-1660 fax: (212) 496-1908 : 11-2427999 ,http://www.hineni.org/,1 stars,"$1,834,959 ",Religion,Religious Activities,www.charitynavigator.org/index.cfm?bay=search.summary&orgid=6701,hineni@hineni.org
14830,Historic Columbia, 1601 Richland Street Columbia SC 29201 tel: (803) 252-7742 : 57-6020250 null,http://www.historiccolumbia.org/,1 stars,"$2,820,019 ",Arts Culture Humanities,Libraries Historical Societies and Landmark Preservation,www.charitynavigator.org/index.cfm?bay=search.summary&orgid=14830,wspratt@historiccolumbia.org
9037,Home for Life, P.O. Box 847 Stillwater MN 55082 tel: (800) 252-5918 fax: (888) 480-9820 : 41-1867244 ,http://www.homeforlife.org/,1 stars,"$905,815 ",Animals,Animal Rights Welfare and Services,www.charitynavigator.org/index.cfm?bay=search.summary&orgid=9037,info@homeforlife.org
8459,HomeWord, P.O. Box 1600 San Juan Capistrano CA 92693 tel: (800) 397-9725 fax: (949) 487-1758 : 33-0072984 ,http://www.homeword.com,1 stars,"$737,497 ",Religion,Religious Activities,www.charitynavigator.org/index.cfm?bay=search.summary&orgid=8459,susan@HomeWord.com
13972,Hope Center for Kids, 2200 North 20th Street Omaha NE 68110 tel: (402) 341-4673 fax: (402) 341-6835 : 47-0826512 ,http://www.hopecenterforkids.com/,1 stars,"$1,474,327 ",Human Services,Youth Development Shelter and Crisis Services,www.charitynavigator.org/index.cfm?bay=search.summary&orgid=13972,seedsofhope@hopecenterforkids.com
8175,Hospice Education Institute, Three Unity Square P.O. Box 98 Machiasport ME 04655 tel: (207) 255-8800 fax: (207) 255-8008 : 22-2701794,http://www.hospiceworld.org/,1 stars,"$2,451,868 ",Human Services,Social Services,www.charitynavigator.org/index.cfm?bay=search.summary&orgid=8175,info@hospiceworld.org
14573,The Houe FM, P.O. Box 14 Ponca City OK 74602 tel: (800) 324-8488 fax: (580) 765-1700 : 73-1357030,http://www.thehousefm.com/,1 stars,"$1,423,389 ",Arts Culture Humanities,Public Broadcasting and Media,www.charitynavigator.org/index.cfm?bay=search.summary&orgid=14573,
3835,House Research Institute, 2100 West Third Street Los Angeles CA 90057 tel: (800) 388-8612 fax: (213) 483-8789 TTY: (213) 484-2642 : 95-2127707,http://www.hei.org,1 stars,"$13,154,022 ",Health,Medical Research,www.charitynavigator.org/index.cfm?bay=search.summary&orgid=3835,info@hei.org
8705,Houston Festival Foundation, 3711 Clinton Drive Houston TX 77020 tel: (940) 784-3378 : 74-2034290 null,http://www.ifest.org/,1 stars,"$1,997,650 ",Arts Culture Humanities,Performing Arts,www.charitynavigator.org/index.cfm?bay=search.summary&orgid=8705,contactus@ifest.org
15167,IberoAmerican Ministries, P.O. Box 1493 Monroe WA 98272 tel: (360) 805-2885 : 91-1563968 null,http://www.iamweb.org/home.html,1 stars,"$2,077,912 ",Religion,Religious Activities,www.charitynavigator.org/index.cfm?bay=search.summary&orgid=15167,iammainoffice@aol.com
12387,IDEAS, 7851 South Elati Suite 101 Littleton CO 80120 tel: (720) 283-9100 fax: (720) 283-9300 : 36-4160878,http://www.ideasworld.org/,1 stars,"$3,346,944 ",International,Development and Relief Services,www.charitynavigator.org/index.cfm?bay=search.summary&orgid=12387,sarah.rymer@ideasworld.org
3858,The Imus Ranch, P.O. Box 250 Ribera NM 87560 tel: (888) 284-4687 : 13-3997308 null,http://www.imus.com/imus-ranch/,1 stars,"$1,841,063 ",Health,Patient and Family Support,www.charitynavigator.org/index.cfm?bay=search.summary&orgid=3858,imusranch@mac.com
13519,Inspire Women, 1415 South Voss Suite 110-516 Houston TX 77057 tel: (713) 521-1400 fax: (713) 521-1388 : 35-2203762,http://inspirewomen.org/,1 stars,"$1,614,769 ",Education,Other Education Programs and Services,www.charitynavigator.org/index.cfm?bay=search.summary&orgid=13519,tatiana@inspirewomen.org
5380,Institute for Foreign Policy Analysis, 675 Massachusetts Avenue 10th Floor Cambridge MA 02139 tel: (617) 492-2116 fax: (617) 492-8242 : 51-0192436,http://www.ifpa.org,1 stars,"$2,523,863 ",International,International Peace Security and Affairs,www.charitynavigator.org/index.cfm?bay=search.summary&orgid=5380,mail@ifpa.org
14467,Institute for Middle East Understanding, 2913 El Camino Real #436 Tustin CA 92782 tel: (718) 514-9662 : 20-2389388 null,http://imeu.org/,1 stars,"$1,197,031 ",International,International Peace Security and Affairs,www.charitynavigator.org/index.cfm?bay=search.summary&orgid=14467,info@imeu.org
3871,Institute for Student Achievement (ISA), One Old Country Road Suite 250 Carle Place NY 11514 tel: (516) 812-6700 fax: (516) 812-6701 : 11-2995109,http://www.studentachievement.org,1 stars,"$1,740,727 ",Education,Other Education Programs and Services,www.charitynavigator.org/index.cfm?bay=search.summary&orgid=3871,info@isa-ed.org
13806,Institute for the Analysis of Global Security, 7811 Montrose Rd. Suite 505 Potomac MD 20854 tel: (866) 713-7527 : 22-3880419 ,http://www.iags.org/,1 stars,"$1,319,899 ",International,International Peace Security and Affairs,www.charitynavigator.org/index.cfm?bay=search.summary&orgid=13806,info@iags.org
6565,The Interfaith Alliance Foundation, 1250 24th Street NW Suite 300 Washington DC 20037 tel: (202) 466-0567 fax: (202) 639-3301 : 81-0587332,http://www.interfaithalliance.org,1 stars,"$1,048,221 ",Religion,Religious Activities,www.charitynavigator.org/index.cfm?bay=search.summary&orgid=6565,memberservices@interfaithalliance.org
5517,International Board of Jewish Missions, P.O. Box 1386 Hixson TN 37343 tel: (423) 876-8150 fax: (423) 876-8156 : 58-0669998 ,http://www.ibjm.org,1 stars,"$3,059,307 ",Religion,Religious Activities,www.charitynavigator.org/index.cfm?bay=search.summary&orgid=5517,amolam@ibjm.org
13981,International Conservation Caucus Foundation, 3250 Prospect Street NW Washington DC 20007 tel: (202) 471-4222 fax: (202) 471-4233 : 83-044917625786 Georgetown Station,http://iccfoundation.us/,1 stars,"$1,425,363 ",Environment,Environmental Protection and Conservation,www.charitynavigator.org/index.cfm?bay=search.summary&orgid=13981,HQ@iccfoundation.us
3891,International Foundation for Education and Self-Help, 5040 East Shea Boulevard Suite 260 Scottsdale AZ 85254 tel: (800) 835-3530 fax: (480) 443-1824 : 52-1265061,http://www.ifesh.org,1 stars,"$4,824,699 ",International,Development and Relief Services,www.charitynavigator.org/index.cfm?bay=search.summary&orgid=3891,information@ifesh.org
10753,Interreligious Foundation for Community Organization, 418 West 145th Street New York NY 10031 tel: (212) 926-5757 fax: (212) 926-5842 : 13-2590548 ,http://www.ifconews.org/,1 stars,"$521,698 ",International,Humanitarian Relief Supplies,www.charitynavigator.org/index.cfm?bay=search.summary&orgid=10753,ifco@igc.org
13250,Iran Alive Ministries, P.O. Box 702925 Dallas TX 75370 tel: (214) 932-0995 : 14-1865897 null,http://iranaliveministries.org/,1 stars,"$1,772,585 ",Religion,Religious Activities,www.charitynavigator.org/index.cfm?bay=search.summary&orgid=13250,info@iranaliveministries.org
14585,Iranian American Jewish Federation of New York, 770 Middle Neck Road Suite 5P Great Neck NY 11024 tel: (516) 466-8947 fax: (516) 466-8948 : 01-0651843,https://www.iajfny.org/,1 stars,"$2,728,410 ",Public Benefit,Fundraising Organizations,www.charitynavigator.org/index.cfm?bay=search.summary&orgid=14585,info@iajfny.org
3913,Jack Van Impe Ministries International, P.O. Box 7004 Troy MI 48007 tel: (248) 852-2244 fax: (248) 852-2692 : 38-1956052 ,http://www.jvim.com,1 stars,"$12,755,432 ",Religion,Religious Media and Broadcasting,www.charitynavigator.org/index.cfm?bay=search.summary&orgid=3913,jvimi@jvim.com
9719,Jazz Aspen Snowmass, 110 East Hallam Street Suite 104 Aspen CO 81611 tel: (970) 920-4996 fax: (970) 920-9135 : 84-1220222,http://jazzaspen.org,1 stars,"$5,971,428 ",Arts Culture Humanities,Performing Arts,www.charitynavigator.org/index.cfm?bay=search.summary&orgid=9719,jazzaspen@jazzaspen.org
15350,The Jefferson Awards Foundation, 100 West Tenth Street Wilmington DE 19801 tel: (302) 622-9101 : 52-0959336 null,http://www.jeffersonawards.org/,1 stars,"$2,301,082 ",Education,Other Education Programs and Services,www.charitynavigator.org/index.cfm?bay=search.summary&orgid=15350,info@jeffersonawards.org
9428,Jewish Campus Life Fund, 606 West 115th Street New York NY 10025 tel: (212) 854-5111 fax: (212) 851-3012 : 23-7077182 ,http://www.hillel.columbia.edu/,1 stars,"$2,041,650 ",Religion,Religious Activities,www.charitynavigator.org/index.cfm?bay=search.summary&orgid=9428,bc2512@columbia.edu
5945,Jewish Center for Community Services, 4200 Park Avenue Bridgeport CT 06604 tel: (203) 372-6567 fax: (203) 374-0770 : 06-0655499 ,http://www.jccs.org/,1 stars,"$3,626,052 ",Public Benefit,Fundraising Organizations,www.charitynavigator.org/index.cfm?bay=search.summary&orgid=5945,elikornreich@jccs.org
8234,Jewish Federation of El Paso, 5740 North Mesa Street El Paso TX 79912 tel: (915) 842-9554 : 74-1168038 null,http://www.jewishelpaso.org/,1 stars,"$1,299,954 ",Public Benefit,Fundraising Organizations,www.charitynavigator.org/index.cfm?bay=search.summary&orgid=8234,cgordon@jfedelpaso.org
12568,Jewish Federation of the Sacramento Region, 2014 Capitol Avenue Sacramento  CA 95811 tel: (916) 486-0906 fax: (916) 441-1662 : 94-1156558 ,http://www.jewishsac.org,1 stars,"$606,577 ",Public Benefit,Fundraising Organizations,www.charitynavigator.org/index.cfm?bay=search.summary&orgid=12568,Federation@jewishsac.org
13674,JOY FM Radio, 13358 Manchester Road Suite 100 Des Peres MO 63131 tel: (866) 969-4569 fax: (314) 835-9739 : 43-1793303,http://www.joyfmonline.org/,1 stars,"$4,964,504 ",Religion,Religious Media and Broadcasting,www.charitynavigator.org/index.cfm?bay=search.summary&orgid=13674,amy@joyfmonline.org
8440,Just One Life/Nefesh Achat B'Yisrael, 587 Fifth Avenue Suite 702 New York NY 10017 tel: (212) 683-6040 fax: (212) 683-4363 : 13-3533863,http://www.justonelife.org/,1 stars,"$813,769 ",International,Foreign Charity Support Organizations,www.charitynavigator.org/index.cfm?bay=search.summary&orgid=8440,info@justonelife.org
11154,Kaiserman JCC, 45 Haverford Road Wynnewood PA 19096 tel: (610) 896-7770 fax: (610) 896-5808 : 23-1352242 ,http://www.phillyjcc.com,1 stars,"$995,328 ",Human Services,Multipurpose Human Service Organizations,www.charitynavigator.org/index.cfm?bay=search.summary&orgid=11154,kaiserman@phillyjcc.com
8698,Kentucky Horse Park Foundation, 4089 Iron Works Parkway Lexington KY 40511 tel: (859) 255-5727 fax: (859) 254-7121 : 62-1257717 ,http://khpfoundation.org/,1 stars,"$2,264,624 ",Animals,Animal Rights Welfare and Services,www.charitynavigator.org/index.cfm?bay=search.summary&orgid=8698,foundation@khpfoundation.org
13244,The Kidney TRUST, 1350 Bayshore Highway Suite 777 Burlingame CA 94010 tel: (877) 444-2398 : 20-4941189 ,http://kidneytrust.org/,1 stars,"$307,704 ",Health,Diseases Disorders and Disciplines,www.charitynavigator.org/index.cfm?bay=search.summary&orgid=13244,info@kidneytrust.org
12181,Kingsway Charities, 1119 Commonwealth Avenue Bristol VA 24201 tel: (800) 321-9234 fax: (276) 466-0955 : 54-1668650 ,http://www.kingswaycharities.org,1 stars,"$164,650,120 ",International,Humanitarian Relief Supplies,www.charitynavigator.org/index.cfm?bay=search.summary&orgid=12181,info@kingswaycharities.org
10950,Koinonia House, P.O. Box D Coeur d'Alene ID 83816 tel: (800) 546-8731 fax: (208) 773-6312 : 23-7292636,http://khouse.org/,1 stars,"$2,659,970 ",Religion,Religious Activities,www.charitynavigator.org/index.cfm?bay=search.summary&orgid=10950,
11749,Korean War National Museum, 47 West Division Street Box 1950 Chicago IL 60610 tel: (888) 419-5053 : 37-1369481 ,http://www.kwnm.org/,1 stars,"$1,302,056 ",Arts Culture Humanities,Museums,www.charitynavigator.org/index.cfm?bay=search.summary&orgid=11749,lmcallister@kwnm.org
15133,Lakeland Public Television, 1500 Birchmont Drive NE #9 Bemidji MN 56601 tel: (800) 292-0922 fax: (218) 751-3142 : 41-1265701 ,http://www.lptv.org/,1 stars,"$3,214,301 ",Arts Culture Humanities,Public Broadcasting and Media,www.charitynavigator.org/index.cfm?bay=search.summary&orgid=15133,gmclean@lptv.org
7117,The Larry King Cardiac Foundation, 15720 Crabbs Branch Way Suite D Rockville MD 20855 tel: (866) 302-5523 : 52-1563547 ,http://www.lkcf.org,1 stars,"$789,979 ",Health,Diseases Disorders and Disciplines,www.charitynavigator.org/index.cfm?bay=search.summary&orgid=7117,info@lkcf.org
9410,LEADership Education and Development, 1075 Peachtree St NE Suite 2510 Atlanta GA 30309 tel: (404) 334-3474 : 23-2139831 ,http://www.leadprogram.org,1 stars,"$2,461,506 ",Education,Other Education Programs and Services,www.charitynavigator.org/index.cfm?bay=search.summary&orgid=9410,info@leadprogram.org
14438,Lexington Institute, 1600 Wilson Boulevard Suite 900 Arlington VA 22209 tel: (703) 522-5828 fax: (703) 522-5837 : 54-1880642,http://www.lexingtoninstitute.org/,1 stars,"$2,350,609 ",Public Benefit,Research and Public Policy Institutions,www.charitynavigator.org/index.cfm?bay=search.summary&orgid=14438,mail@lexingtoninstitute.org
14392,Life Network, 3700 Galley Road Colorado Springs CO 80909 tel: (719) 591-2609 fax: (719) 623-2867 : 84-0970592 ,http://www.elifenetwork.com/,1 stars,"$1,194,403 ",Health,Treatment and Prevention Services,www.charitynavigator.org/index.cfm?bay=search.summary&orgid=14392,mthompson@elifenetwork.com
12256,LifeLight Communications, 2601 South Western Avenue Sioux Falls SD 57105 tel: (605) 338-2847 : 46-0460742 null,http://www.lifelight.org/,1 stars,"$2,062,159 ",Religion,Religious Activities,www.charitynavigator.org/index.cfm?bay=search.summary&orgid=12256,office@lifelight.org
7565,Life-Study Fellowship, 90 Heights Road Darien CT 06820 tel: (203) 655-1436 : 06-1035622Department WNoroton CT 06820,http://www.lifestudyfellowship.org,1 stars,"$1,939,971 ",Religion,Religious Media and Broadcasting,www.charitynavigator.org/index.cfm?bay=search.summary&orgid=7565,specialhelp@lifestudyfellowship.com
6409,Light Bearers Ministry, 37457 Jasper Lowell Road Jasper OR 97438 tel: (541) 988-3333 fax: (541) 988-3300 : 91-1320416 ,http://www.lbm.org/,1 stars,"$1,998,390 ",Religion,Religious Media and Broadcasting,www.charitynavigator.org/index.cfm?bay=search.summary&orgid=6409,info@lightbearers.org
11499,The Light House Mission Ministries, 1450 Wabash Avenue Terre Haute IN 47807 tel: (812) 232-7001 fax: (812) 232-0235 : 35-6023923P.O. Box 89,http://www.thlhm.org,1 stars,"$1,637,306 ",Human Services,Homeless Services,www.charitynavigator.org/index.cfm?bay=search.summary&orgid=11499,bonnie@thlhm.org
9308,Little Brothers - Friends of the Elderly Twin Cities Chapter, 1845 East Lake Street Minneapolis MN 55407 tel: (612) 721-6215 fax: (612) 721-5848 : 41-0986200 ,http://www.littlebrothersmn.org/,1 stars,"$583,214 ",Human Services,Social Services,www.charitynavigator.org/index.cfm?bay=search.summary&orgid=9308,lspeeter@littlebrothersmn.org
4928,Little Shelter Animal Rescue and Adoption Center, 33 Warner Road Huntington NY 11743 tel: (631) 368-8770 : 11-6000821 null,http://www.littleshelter.com/,1 stars,"$2,791,796 ",Animals,Animal Rights Welfare and Services,www.charitynavigator.org/index.cfm?bay=search.summary&orgid=4928,info@littleshelter.com
14265,Living Hope International, P.O. Box 116 West Bend WI 53095 tel: (262) 381-0121 fax: (262) 364-2153 : 39-2000544 ,http://lovehopemercy.org/index.html,1 stars,"$1,253,202 ",International,Foreign Charity Support Organizations,www.charitynavigator.org/index.cfm?bay=search.summary&orgid=14265,LivingHope@LoveHopeMercy.org
9310,LOGOI, 14540 Southwest 136th Street Suite 200 Miami FL 33186 tel: (305) 232-5880 fax: (305) 232-3592 : 59-1209720,http://logoi.org,1 stars,"$524,663 ",Religion,Religious Activities,www.charitynavigator.org/index.cfm?bay=search.summary&orgid=9310,logoi@logoi.org
11090,Long Island Teen Challenge, 309 Old Farmingdale Road West Babylon NY 11704 tel: (631) 321-7070 : 11-3161238 null,http://www.LongIslandTC.com,1 stars,"$2,405,587 ",Health,Treatment and Prevention Services,www.charitynavigator.org/index.cfm?bay=search.summary&orgid=11090,info@litc04.com
14339,Louisiana Symphony Association, 7330 Highland Road Baton Rouge LA 70808 tel: (225) 383-0500 fax: (225) 767-4609 : 72-6001959 ,http://brso.org/,1 stars,"$1,439,478 ",Arts Culture Humanities,Performing Arts,www.charitynavigator.org/index.cfm?bay=search.summary&orgid=14339,info@brso.org
14228,M.O.R.E Project, 10855 South River Front Parkway South Jordan UT 84095 tel: (801) 208-1145 : 20-3770594 null,http://www.themoreproject.org,1 stars,"$1,937,175 ",International,Development and Relief Services,www.charitynavigator.org/index.cfm?bay=search.summary&orgid=14228,info@themoreproject.org
14715,Malachi House, 2810 Clinton Avenue Cleveland OH 44113 tel: (216) 621-8831 fax: (216) 621-8841 : 34-1598707 ,http://www.malachihouse.org/,1 stars,"$1,324,562 ",Human Services,Social Services,www.charitynavigator.org/index.cfm?bay=search.summary&orgid=14715,jmj@malachihouse.org
13336,Masonic Home of Georgia, P.O. Box 4183 Macon GA 31208 tel: (478) 743-5154 fax: (478) 738-3972 : 58-0140568 ,http://www.masonichomeofgeorgia.com/,1 stars,"$1,970,131 ",Human Services,Children's and Family Services,www.charitynavigator.org/index.cfm?bay=search.summary&orgid=13336,jennymeyer@masonichomeofgeorgia.com
9333,MassINC, 11 Beacon Street Suite 500 Boston MA 02108 tel: (617) 742-6800 fax: (617) 589-0929 : 04-3271457,http://www.massinc.org/,1 stars,"$1,746,916 ",Public Benefit,Research and Public Policy Institutions,www.charitynavigator.org/index.cfm?bay=search.summary&orgid=9333,llouison@massinc.org
8768,Mastermedia International, 330 North Sixth Street Suite 110 Redlands CA 92374 tel: (909) 335-7353 fax: (909) 335-6644 : 33-0104548,http://www.mastermediaintl.org/,1 stars,"$1,715,716 ",Religion,Religious Activities,www.charitynavigator.org/index.cfm?bay=search.summary&orgid=8768,
14453,Meals on Wheels of Contra Costa, P.O. Box Martinez CA 94553 tel: (866) 669-6697 : 68-0231350 null,http://www.mealsonwheelsofcontracosta.org/,1 stars,"$1,455,621 ",Human Services,Social Services,www.charitynavigator.org/index.cfm?bay=search.summary&orgid=14453,mowcc@hsd.cccounty.us
4067,Medical Development for Israel, 295 Madison Avenue Suite 1705 New York NY 10017 tel: (800) 556-5327 fax: (212) 759-0120 : 13-3140298,http://mdinyc.org,1 stars,"$1,137,660 ",International,Foreign Charity Support Organizations,www.charitynavigator.org/index.cfm?bay=search.summary&orgid=4067,schneiderchildrens@mdinyc.org
12809,MEOR, P.O. Box 279 Pomona NY 10970 tel: (800) 284-4110 fax: (212) 268-0303 : 51-0430002 ,http://meor.org/,1 stars,"$5,032,483 ",Religion,Religious Activities,www.charitynavigator.org/index.cfm?bay=search.summary&orgid=12809,info@meor.org
12781,Michigan Paralyzed Veterans of America, 40550 Grand River Avenue Novi MI 48375 tel: (248) 476-9000 fax: (248) 476-9545 : 38-6120911 ,http://www.michiganpva.org/,1 stars,"$658,308 ",Public Benefit,Advocacy and Civil Rights,www.charitynavigator.org/index.cfm?bay=search.summary&orgid=12781,jk@michiganpva.org
14108,Mighty Horn Ministries, 1011 Park Lane Greensboro GA 30642 tel: (706) 923-4028 fax: (706) 923-4167 : 62-1869198,http://www.mightyhorn.com,1 stars,"$2,068,878 ",Religion,Religious Media and Broadcasting,www.charitynavigator.org/index.cfm?bay=search.summary&orgid=14108,
14490,Milwaukee Jewish Day School, 6401 North Santa Monica Boulevard Milwaukee WI 53217 tel: (414) 964-1499 fax: (414) 963-2723 : 39-1384843 ,http://www.mjds.org/,1 stars,"$4,082,135 ",Education,Private Elementary and Secondary Schools,www.charitynavigator.org/index.cfm?bay=search.summary&orgid=14490,hello@mjds.org
7231,Mission to Haiti, P.O. Box 523157 Miami FL 33152 tel: (305) 823-7516 fax: (305) 362-4211 : 59-2173214 ,http://www.missiontohaiti.org/,1 stars,"$669,642 ",International,Foreign Charity Support Organizations,www.charitynavigator.org/index.cfm?bay=search.summary&orgid=7231,info@missiontohaiti.org
10921,Modesto Gospel Mission, 1400 Yosemite Boulevard Modesto CA 95353 tel: (209) 529-8259 fax: (209) 529-3450 : 94-6102833P.O. Box 1203,http://www.homelessmission.org,1 stars,"$5,172,245 ",Human Services,Homeless Services,www.charitynavigator.org/index.cfm?bay=search.summary&orgid=10921,info@homelessmission.org
14706,The Mother Divine Program, PO Box 1140 Livingston Manor NY 12758 tel: (877) 772-5477 : 95-2485909 null,http://motherdivine.org/,1 stars,"$2,182,476 ",Religion,Religious Activities,www.charitynavigator.org/index.cfm?bay=search.summary&orgid=14706,donations@mganl.org
11089,Mourning Family Foundation, 100 S. Biscayne Boulevard 3rd Floor Miami FL 33133 tel: (305) 476-0095 fax: (305) 476-0096 : 65-1075983,http://mourningfamilyfoundation.org,1 stars,"$796,312 ",Human Services,Youth Development Shelter and Crisis Services,www.charitynavigator.org/index.cfm?bay=search.summary&orgid=11089,info@mourningfamilyfoundation.org
5326,MPTV Friends, 700 West State Street Milwaukee WI 53233 tel: (414) 297-8020 fax: (414) 297-8007 : 39-6081120 ,http://www.mptv.org,1 stars,"$3,897,885 ",Public Benefit,Fundraising Organizations,www.charitynavigator.org/index.cfm?bay=search.summary&orgid=5326,mptvfriends@matc.edu
13343,Naples Christian Academy, 3161 Santa Barbara Boulevard Naples FL 34116 tel: (239) 455-1080 fax: (239) 455-5225 : 59-1479653 ,http://www.napleschristian.net/,1 stars,"$1,885,480 ",Education,Private Elementary and Secondary Schools,www.charitynavigator.org/index.cfm?bay=search.summary&orgid=13343,tingle@ncanaples.com
4151,NARAL Pro-Choice America Foundation, 1156 Fifteenth Street NW Suite 700 Washington DC 20005 tel: (202) 973-3000 fax: (202) 973-3096 : 52-1100361,http://www.ProChoiceAmerica.org,1 stars,"$4,388,855 ",Public Benefit,Advocacy and Civil Rights,www.charitynavigator.org/index.cfm?bay=search.summary&orgid=4151,membership@ProChoiceAmerica.org
5416,National Center for Public Policy Research, 501 Capitol Court NE Suite 200 Washington DC 20002 tel: (202) 543-4110 fax: (202) 543-5975 : 52-1226614,http://www.nationalcenter.org/,1 stars,"$8,545,440 ",Public Benefit,Research and Public Policy Institutions,www.charitynavigator.org/index.cfm?bay=search.summary&orgid=5416,info@nationalcenter.org
7651,National Children's Leukemia Foundation, 7316 Avenue U Brooklyn NY 11234 tel: (800) 448-3467 fax: (718) 254-1444 : 11-3059922 ,http://www.leukemiafoundation.org/,1 stars,"$623,007 ",Health,Diseases Disorders and Disciplines,www.charitynavigator.org/index.cfm?bay=search.summary&orgid=7651,info@leukemiafoundation.org
4172,National Council of Negro Women, 633 Pennsylvania Avenue NW Washington DC 20004 tel: (202) 737-0120 fax: (202) 737-0476 : 53-0173054 ,http://www.ncnw.org/,1 stars,"$3,169,173 ",Public Benefit,Advocacy and Civil Rights,www.charitynavigator.org/index.cfm?bay=search.summary&orgid=4172,membership@ncnw.org
4175,National Emergency Medicine Association, 306 West Joppa Road Baltimore MD 21204 tel: (410) 494-0300 fax: (410) 494-0725 : 52-1257429 ,http://www.nemahealth.org,1 stars,"$1,392,981 ",Health,Treatment and Prevention Services,www.charitynavigator.org/index.cfm?bay=search.summary&orgid=4175,info@nemahealth.org
10059,National Fire Safety Council, P.O. Box 378 Michigan MI 49254 tel: (800) 255-1082 : 38-2292422 null,http://www.nfsc.org/,1 stars,"$2,937,275 ",Education,Other Education Programs and Services,www.charitynavigator.org/index.cfm?bay=search.summary&orgid=10059,barbh@nfcd.org
7109,National Gaucher Foundation, 2227 Idlewood Road Suite 6 Tucker GA 30084 tel: (800) 504-3189 fax: (770) 934-2911 : 52-1350226,http://www.gaucherdisease.org/,1 stars,"$2,540,618 ",Health,Diseases Disorders and Disciplines,www.charitynavigator.org/index.cfm?bay=search.summary&orgid=7109,ngf@gaucherdisease.org
12345,National Multiple Sclerosis Society Arizona Chapter, 5025 E. Washington Street Suite 102 Phoenix AZ 85034 tel: (800) 344-4867 fax: (480) 966-4049 : 86-0180887,http://www.nationalmssociety.org/Chapters/AZA,1 stars,"$1,378,489 ",Health,Diseases Disorders and Disciplines,www.charitynavigator.org/index.cfm?bay=search.summary&orgid=12345,INFO@AZA.NMSS.ORG
8075,National Right to Life Educational Trust Fund, 512 Tenth Street NW Washington DC 20004 tel: (202) 626-8800 : 52-1241126 null,http://www.nrlc.org/,1 stars,"$2,127,978 ",Public Benefit,Advocacy and Civil Rights,www.charitynavigator.org/index.cfm?bay=search.summary&orgid=8075,development@nrlc.org
13051,Nativity Prep Academy, 2755 55th Street San Diego CA 92105 tel: (619) 544-9455 fax: (619) 801-1734 : 33-0886247 ,http://www.nativityprep.org/,1 stars,"$1,107,339 ",Education,Private Elementary and Secondary Schools,www.charitynavigator.org/index.cfm?bay=search.summary&orgid=13051,info@nativityprep.org
4822,Neurosciences Research Foundation, 800 Silverado Street Suite 302 La Jolla CA 92037 tel: (858) 626-2000 fax: (858) 626-2099 : 04-6071592,http://www.nsi.edu,1 stars,"$1,089,803 ",Health,Medical Research,www.charitynavigator.org/index.cfm?bay=search.summary&orgid=4822,info@nsi.edu
6995,New Detroit, 3011 West Grand Boulevard Suite 1200 Detroit MI 48202 tel: (313) 664-2000 fax: (313) 664-2071 : 38-6159215 ,http://www.newdetroit.org,1 stars,"$1,744,983 ",Public Benefit,Advocacy and Civil Rights,www.charitynavigator.org/index.cfm?bay=search.summary&orgid=6995,mmartin@newdetroit.org
4222,New Jersey Symphony Orchestra, 60 Park Place 9th Floor Newark NJ 07102 tel: (973) 624-3713 fax: (973) 624-2115 : 22-1559422,http://www.njsymphony.org,1 stars,"$10,573,466 ",Arts Culture Humanities,Performing Arts,www.charitynavigator.org/index.cfm?bay=search.summary&orgid=4222,information@njsymphony.org
14279,New Mexico Christian Children's Home, 1356 NM 236 Portales NM 88130 tel: (800) 553-2229 fax: (575) 356-0760 : 85-6018576 ,http://www.nmcch.org/,1 stars,"$3,472,304 ",Human Services,Children's and Family Services,www.charitynavigator.org/index.cfm?bay=search.summary&orgid=14279,contact@nmcch.org
13486,Newark Now, 112 Jabez Street Suite 113 Newark NJ 07105 tel: (973) 733-3460 : 03-0498214 ,http://www.newarknow.org/,1 stars,"$2,515,399 ",Public Benefit,Community and Housing Development,www.charitynavigator.org/index.cfm?bay=search.summary&orgid=13486,dfinley@newarknow.org
5503,Nicky Cruz Outreach, P.O. Box 62010 Colorado Springs CO 80962 tel: (719) 598-2600 : 56-1079122 null,http://www.nickycruz.org,1 stars,"$693,373 ",Religion,Religious Media and Broadcasting,www.charitynavigator.org/index.cfm?bay=search.summary&orgid=5503,info@nickycruz.org
10945,Noah's Lost Ark, 8424 Bedell Road Berlin Center OH 44401 tel: (330) 584-7835 : 34-1934016 null,http://noahslostark.org,1 stars,"$1,868,638 ",Animals,Wildlife Conservation,www.charitynavigator.org/index.cfm?bay=search.summary&orgid=10945,noahslostark@aol.com
12504,Nonviolent Peaceforce, 425 Oak Grove Street Minneapolis MN 55403 tel: (612) 871-0005 : 35-2197019 null,http://www.nonviolentpeaceforce.org,1 stars,"$1,041,384 ",International,International Peace Security and Affairs,www.charitynavigator.org/index.cfm?bay=search.summary&orgid=12504,mwarren@nonviolentpeaceforce.org
4236,Nora Lam Chinese Ministries International, 5442 Thornwood Drive San Jose CA 95123 tel: (408) 629-5000 fax: (408) 629-4846 : 23-7418355null,,1 stars,"$4,650,199 ",Religion,Religious Activities,www.charitynavigator.org/index.cfm?bay=search.summary&orgid=4236,
9476,Northeast Indiana Public Radio, 3204 Clairmont Court Fort Wayne IN 46808 tel: (800) 471-9264 fax: (260) 452-1188 : 35-1514924 ,http://wboi.org/,1 stars,"$1,556,327 ",Arts Culture Humanities,Public Broadcasting and Media,www.charitynavigator.org/index.cfm?bay=search.summary&orgid=9476,dhunter@nipr.fm
15339,Noyes Home for Children, 801 North Noyes Boulevard Saint Joseph MO 64506 tel: (816) 232-5650 fax: (081) 623-3958 : 44-0563788 ,http://noyeshome.org/,1 stars,"$2,287,937 ",Human Services,Youth Development Shelter and Crisis Services,www.charitynavigator.org/index.cfm?bay=search.summary&orgid=15339,dustynholland@noyeshome.org
13201,Ocean Research & Conservation Association, 1420 Seaway Drive Fort Pierce FL 34949 tel: (772) 467-1600 fax: (772) 467-1602 : 20-0901011 ,http://www.teamorca.org/cfiles/home.cfm,1 stars,"$829,426 ",Environment,Environmental Protection and Conservation,www.charitynavigator.org/index.cfm?bay=search.summary&orgid=13201,inquiries@teamorca.org
4258,Ohr Torah Stone Colleges and Graduate Programs, 49 West 45th Street Suite 701 New York NY 10036 tel: (212) 935-8672 fax: (212) 935-8683 : 13-3275531,http://www.ohrtorahstone.org.il,1 stars,"$5,835,780 ",Religion,Religious Activities,www.charitynavigator.org/index.cfm?bay=search.summary&orgid=4258,ots@ohrtorahstone.org.il
12572,Old Savannah City Mission, 2414 Bull Street Savannah GA 31401 tel: (912) 232-1979 : 31-1810829 null,http://www.oscm.org,1 stars,"$1,144,856 ",Human Services,Homeless Services,www.charitynavigator.org/index.cfm?bay=search.summary&orgid=12572,stiles@oscm.org
11047,Olympia Union Gospel Mission, 413 Franklin Street NE Olympia WA 98501 tel: (360) 709-9725 fax: (360) 570-8848 : 91-1680748 ,http://ougm.org/,1 stars,"$1,373,217 ",Human Services,Homeless Services,www.charitynavigator.org/index.cfm?bay=search.summary&orgid=11047,info@ougm.org
8377,Opera Colorado, 695 South Colorado Boulevard Suite 20 Denver CO 80246 tel: (303) 778-7086 fax: (303) 778-6533 : 84-0850527,http://www.operacolorado.org/,1 stars,"$3,600,313 ",Arts Culture Humanities,Performing Arts,www.charitynavigator.org/index.cfm?bay=search.summary&orgid=8377,info@operacolorado.org
13200,Organ Donation And Transplant Association Of America, 108 Lakeshore Drive Suite 440 North Palm Beach FL 33408 tel: (561) 775-9289 fax: (561) 625-4954 : 30-0339531,http://www.odtaa.org,1 stars,"$595,672 ",Public Benefit,Fundraising Organizations,www.charitynavigator.org/index.cfm?bay=search.summary&orgid=13200,donate@odtaa.org
8088,The Orme School of Arizona, HC 63 Box 3040 Orme AZ 86333 tel: (928) 632-7601 fax: (928) 632-7605 : 86-0120990 ,http://www.ormeschool.org,1 stars,"$5,467,020 ",Education,Private Elementary and Secondary Schools,www.charitynavigator.org/index.cfm?bay=search.summary&orgid=8088,sbarton@ormeschool.org
5013,ORT America, 75 Maiden Lane 10th Floor New York NY 10038 tel: (800) 519-2678 fax: (212) 674-3057 : 13-5562424,http://www.ortamerica.org,1 stars,"$16,485,924 ",Education,Other Education Programs and Services,www.charitynavigator.org/index.cfm?bay=search.summary&orgid=5013,info@ortamerica.org
6204,Overlook Foundation, 36 Upper Overlook Road P.O. Box 220 Summit NJ 07902 tel: (908) 522-2840 : 51-0194054 ,http://www.overlookfoundation.org/,1 stars,"$10,358,810 ",Public Benefit,Fundraising Organizations,www.charitynavigator.org/index.cfm?bay=search.summary&orgid=6204,info@overlookfoundation.org
8880,Partnership for Learning, 520 Pike Street Suite 1212 Seattle WA 98101 tel: (206) 625-9655 fax: (206) 447-0502 : 91-1550803,http://partnership4learning.org,1 stars,"$398,695 ",Education,Other Education Programs and Services,www.charitynavigator.org/index.cfm?bay=search.summary&orgid=8880,info@partnership4learning.org
14130,Pastoral Leadership Institute, 12300 Ford Road Suite 450 Dallas TX 75234 tel: (469) 522-5200 fax: (469) 522-5202 : 43-1806114,http://www.plinstitute.org/,1 stars,"$1,576,595 ",Religion,Religious Activities,www.charitynavigator.org/index.cfm?bay=search.summary&orgid=14130,
15273,The Pav YMCA, 2947 South Oak Park Avenue Berwyn IL 60402 tel: (708) 749-0606 fax: (708) 749-7793 : 36-2702522 ,http://pavymca.org/,1 stars,"$2,416,092 ",Human Services,Multipurpose Human Service Organizations,www.charitynavigator.org/index.cfm?bay=search.summary&orgid=15273,news@pavymca.org
6951,Pax Christi USA, 532 West Eighth Street Erie PA 16502 tel: (814) 453-4955 fax: (814) 452-4784 : 36-3038894 ,http://www.paxchristiusa.org/,1 stars,"$562,001 ",Religion,Religious Activities,www.charitynavigator.org/index.cfm?bay=search.summary&orgid=6951,info@paxchristiusa.org
7267,The Piney Woods School, P.O. Box 57 Piney Woods MS 39148 tel: (601) 845-8485 fax: (601) 845-4674 : 64-0314538 ,http://www.pineywoods.org,1 stars,"$3,849,447 ",Education,Private Elementary and Secondary Schools,www.charitynavigator.org/index.cfm?bay=search.summary&orgid=7267,lunger@pineywoods.org
5174,Pittsburgh Leadership Foundation (PLF), 100 West Station Square Drive Suite 625 Pittsburgh PA 15219 tel: (412) 281-3752 fax: (412) 281-2312 : 25-1345815,http://www.plf.org,1 stars,"$991,615 ",Human Services,Social Services,www.charitynavigator.org/index.cfm?bay=search.summary&orgid=5174,kthomas@plf.org
5092,Please Touch Museum, 4231 Avenue of the Republic Philadelphia PA 19131 tel: (215) 581-3181 fax: (215) 581-3183 : 23-2109376 ,http://www.pleasetouchmuseum.org,1 stars,"$8,855,561 ",Arts Culture Humanities,Museums,www.charitynavigator.org/index.cfm?bay=search.summary&orgid=5092,info@pleasetouchmuseum.org
10669,Police Athletic League of Philadelphia, 2524 East Clearfield Street Philadelphia PA 19134 tel: (215) 291-9000 fax: (215) 426-3263 : 23-1507837 ,http://www.phillypal.com/,1 stars,"$2,445,980 ",Human Services,Youth Development Shelter and Crisis Services,www.charitynavigator.org/index.cfm?bay=search.summary&orgid=10669,lfarrington@phillypal.com
10080,Population Research Institute, 1190 Progress Drive Suite 2D P.O. Box 1559 Front Royal VA 22630 tel: (540) 622-5240 fax: (540) 622-2728 : 54-1819935,http://www.pop.org/,1 stars,"$1,477,544 ",Public Benefit,Research and Public Policy Institutions,www.charitynavigator.org/index.cfm?bay=search.summary&orgid=10080,pri@pop.org
14155,PowerPoint Ministries, 6801 West Park Boulevard Plano TX 75093 tel: (800) 414-7693 : 75-2534680P.O. Box 799070Dallas TX 75379,http://www.jackgraham.org,1 stars,"$3,969,935 ",Religion,Religious Media and Broadcasting,www.charitynavigator.org/index.cfm?bay=search.summary&orgid=14155,email@powerpoint.org
9029,Pray America, PO Box 14070 Lansing MI 48901 tel: (517) 622-1085 : 38-1992182 null,http://prayamerica.org/,1 stars,"$1,392,986 ",Religion,Religious Activities,www.charitynavigator.org/index.cfm?bay=search.summary&orgid=9029,mike@prayamerica.org
14526,Price Tower Arts Center, 510 Dewey Avenue Bartlesville OK 74003 tel: (918) 336-4949 : 73-1280004P.O. Box 2464Bartlesville OK 74005,http://www.pricetower.org,1 stars,"$1,125,424 ",Arts Culture Humanities,Museums,www.charitynavigator.org/index.cfm?bay=search.summary&orgid=14526,lesser@pricetower.org
4362,Prison Fellowship Ministries, 44180 Riverside Parkway Lansdowne VA 20176 tel: (877) 736-4483 : 62-0988294P.O. Box 1550Merrifield VA 22116,http://www.prisonfellowship.org/,1 stars,"$40,765,296 ",Religion,Religious Activities,www.charitynavigator.org/index.cfm?bay=search.summary&orgid=4362,onlinegiving@pfm.org
4007,ProLiteracy, 104 Marcellus Street Syracuse NY 13204 tel: (888) 528-2224 fax: (315) 422-6369 : 16-6076384 ,http://www.proliteracy.org/,1 stars,"$7,726,245 ",Education,Other Education Programs and Services,www.charitynavigator.org/index.cfm?bay=search.summary&orgid=4007,giving@proliteracy.org
14100,Ransomed Heart Ministries, 4965 North 30th Street Colorado Springs CO 80919 tel: (719) 884-8122 : 84-1535770null,http://www.ransomedheart.com/,1 stars,"$3,019,988 ",Religion,Religious Activities,www.charitynavigator.org/index.cfm?bay=search.summary&orgid=14100,
14067,Reach the Rest, P.O. Box 218 Holly Springs GA 30142 tel: (877) 811-3742 : 58-2666820 null,http://reachtherest.org/,1 stars,"$694,911 ",Religion,Religious Activities,www.charitynavigator.org/index.cfm?bay=search.summary&orgid=14067,joyce@reachtherest.org
9702,Readers Are Leaders Foundation, 801 Texas Avenue Room 354 Houston TX 77002 tel: (713) 220-7904 : 76-0573822 ,http://www.readersareleadersfoundation.org/,1 stars,"$471,149 ",Education,Other Education Programs and Services,www.charitynavigator.org/index.cfm?bay=search.summary&orgid=9702,readersareleadersfoundation@chron.com
12633,Reciprocal Ministries International, 5475 Lee Street Suite 301 Lehigh Acres FL 33971 tel: (877) 764-5439 fax: (239) 368-8325 : 65-0062156,http://www.rminet.org,1 stars,"$1,670,053 ",International,Development and Relief Services,www.charitynavigator.org/index.cfm?bay=search.summary&orgid=12633,rmioffice.florida@rminet.org
13453,Redcloud, P.O. Box 130 Lake City CO 81235 tel: (970) 944-2625 fax: (970) 944-2602 : 74-2179170 ,http://www.campredcloud.org/,1 stars,"$1,507,762 ",Religion,Religious Activities,www.charitynavigator.org/index.cfm?bay=search.summary&orgid=13453,info@campredcloud.org
5298,Renewal Ministries, P.O. Box 1426 Ann Arbor MI 48106 tel: (734) 662-1730 fax: (734) 662-4697 : 38-2385975 ,http://www.renewalministries.net,1 stars,"$1,278,747 ",Religion,Religious Media and Broadcasting,www.charitynavigator.org/index.cfm?bay=search.summary&orgid=5298,info@renewalministries.net
7159,Richmond Hill, 2209 East Grace Street Richmond VA 23223 tel: (804) 783-7903 fax: (804) 783-7957 : 54-1360535 ,http://www.richmondhillva.org/,1 stars,"$743,749 ",Religion,Religious Activities,www.charitynavigator.org/index.cfm?bay=search.summary&orgid=7159,info@richmondhillva.org
14563,Rocketown of Middle Tennessee, 601 Fourth Ave South Nashville TN 37210 tel: (615) 843-4001 fax: (615) 843-4007 : 62-1571573 ,http://www.rocketown.org,1 stars,"$1,452,034 ",Religion,Religious Activities,www.charitynavigator.org/index.cfm?bay=search.summary&orgid=14563,info@rocketown.org
8646,Rockwern Academy, 8401 Montgomery Road Cincinnati OH 45236 tel: (513) 984-3770 fax: (513) 984-3787 : 31-0603959 ,http://www.rockwernacademy.org/,1 stars,"$2,053,317 ",Education,Private Elementary and Secondary Schools,www.charitynavigator.org/index.cfm?bay=search.summary&orgid=8646,salobar@rockwernacademy.org
9754,Rotary First Harvest, 1201 First Avenue S Suite 327 Seattle WA 98034 tel: (206) 236-0408 : 91-1229941 null,http://www.firstharvest.org/,1 stars,"$13,303,260 ",Human Services,Food Banks Food Pantries and Food Distribution,www.charitynavigator.org/index.cfm?bay=search.summary&orgid=9754,rotary@firstharvest.org
4881,SADD - Students Against Destructive Decisions, 255 Main Street Marlborough MA 01752 tel: (877) 723-3462 fax: (508) 481-5759 : 04-2764514 ,http://www.sadd.org/,1 stars,"$1,703,465 ",Health,Treatment and Prevention Services,www.charitynavigator.org/index.cfm?bay=search.summary&orgid=4881,info@sadd.org
11002,The Safe America Foundation, 2480 Sandy Plains Road Marietta  GA 30066 tel: (770) 973-7233 fax: (770) 971-9996 : 58-2141636 ,http://www.safeamerica.org,1 stars,"$676,043 ",Public Benefit,Research and Public Policy Institutions,www.charitynavigator.org/index.cfm?bay=search.summary&orgid=11002,bsurrusco@safeamerica.org
12211,St. Gerard Campus, 1405 U.S. Route One S St. Augustine FL 32084 tel: (800) 833-6073 fax: (904) 825-2858 : 59-2483955P.O. Box 4382,http://www.stgerardcampus.org/,1 stars,"$810,548 ",Human Services,Youth Development Shelter and Crisis Services,www.charitynavigator.org/index.cfm?bay=search.summary&orgid=12211,officemanager@stgerardcampus.org
12898,San Diego Coastkeeper, 2825 Dewey Road Suite 200 San Diego CA 92106 tel: (619) 758-7743 fax: (619) 224-4638 : 33-0647946,http://www.sdcoastkeeper.org,1 stars,"$775,676 ",Environment,Environmental Protection and Conservation,www.charitynavigator.org/index.cfm?bay=search.summary&orgid=12898,info@sdcoastkeeper.org
7246,Scripture Memory Mountain Mission, 480 Camp Nathanael Road Emmalena KY 41740 tel: (606) 251-3231 fax: (606) 251-3232 : 61-6034476P.O. Box 129,http://www.smmm.org/,1 stars,"$1,675,837 ",Religion,Religious Activities,www.charitynavigator.org/index.cfm?bay=search.summary&orgid=7246,smmmky@tgtel.com
14624,Securing America's Future Energy, 1111 Nineteenth Street NW Suite 406 Washington DC 20036 tel: (202) 461-2360 fax: (202) 461-2379 : 20-1727977,http://oilembargo40.org/,1 stars,"$1,790,875 ",Public Benefit,Research and Public Policy Institutions,www.charitynavigator.org/index.cfm?bay=search.summary&orgid=14624,Info@SecureEnergy.org
9555,Selous Foundation for Public Policy Research, 325 Pennsylvania Avenue SE Washington DC 20003 tel: (202) 547-6963 fax: (202) 546-6589 : 52-1433476 ,http://sfppr.org/,1 stars,"$752,476 ",Public Benefit,Research and Public Policy Institutions,www.charitynavigator.org/index.cfm?bay=search.summary&orgid=9555,info@sfppr.org
7909,The Sentinel Group, P.O. Box 6334 Lynnwood WA 98036 tel: (800) 668-5657 fax: (360) 805-2993 : 91-1488652 ,http://www.sentinelgroup.org/,1 stars,"$324,508 ",Religion,Religious Activities,www.charitynavigator.org/index.cfm?bay=search.summary&orgid=7909,info@sentinelgroup.org
12783,Sephardic Food Fund, 8 West 40th St. 4th Floor New York NY 10018 tel: (866) 733-3863 : 56-2307777,http://thesff.org/,1 stars,"$2,105,300 ",Human Services,Social Services,www.charitynavigator.org/index.cfm?bay=search.summary&orgid=12783,
8704,Sheriffs' Association of Texas, 1601 South IH 35 Austin TX 78741 tel: (512) 445-5888 fax: (512) 445-0228 : 74-0896285 ,http://www.txsheriffs.org/,1 stars,"$1,933,538 ",Human Services,Multipurpose Human Service Organizations,www.charitynavigator.org/index.cfm?bay=search.summary&orgid=8704,shelly@txsheriffs.org
13888,Show-Me Christian Youth Home, 24302 Mahin Road La Monte MO 65337 tel: (660) 347-5982 fax: (660) 347-5711 : 43-1861323P.O. Box 6,http://www.showmekids.org/,1 stars,"$1,741,607 ",Human Services,Youth Development Shelter and Crisis Services,www.charitynavigator.org/index.cfm?bay=search.summary&orgid=13888,lovegrows@show-mehome.com
7687,SIECUS, 90 John Street Suite 402 New York NY 10038 tel: (212) 819-9770 fax: (212) 819-9776 : 13-2508249,http://www.siecus.com,1 stars,"$600,899 ",Health,Treatment and Prevention Services,www.charitynavigator.org/index.cfm?bay=search.summary&orgid=7687,siecus@siecus.org
14765,SIFAT, 2944 County Road 113 Lineville AL 36266 tel: (256) 396-2015 fax: (256) 396-2501 : 63-0776048 ,http://sifat.org/,1 stars,"$1,862,849 ",Religion,Religious Activities,www.charitynavigator.org/index.cfm?bay=search.summary&orgid=14765,info@sifat.org
12248,Silicon Valley Creates (formerly Arts Council Silicon Valley), 4 North Second Street Suite 500 San Jose CA 95113 tel: (408) 998-2787 fax: (408) 971-9458 : 94-2825213,http://www.svcreates.org/,1 stars,"$2,391,286 ",Public Benefit,Fundraising Organizations,www.charitynavigator.org/index.cfm?bay=search.summary&orgid=12248,admin@svcreates.org
13681,Sixth & I, 600 I Street NW Washington DC 20001 tel: (202) 408-3100 : 33-1036146 null,http://sixthandi.org/,1 stars,"$3,079,644 ",Religion,Religious Activities,www.charitynavigator.org/index.cfm?bay=search.summary&orgid=13681,shana.porter@sixthandi.org
4914,Solomon Schechter Day School of Nassau County and High School of Long Island, 27 Cedar Swamp Road Glen Cove NY 11542 tel: (516) 656-5500 fax: (516) 656-9822 : 11-2149235 ,http://www.ssdsnassau.org,1 stars,"$9,290,727 ",Education,Private Elementary and Secondary Schools,www.charitynavigator.org/index.cfm?bay=search.summary&orgid=4914,mposner@ssdsnassau.org
6837,Sons of Italy Foundation, 219 E Street NE Washington DC 20002 tel: (202) 547-2900 fax: (202) 546-8168 : 23-6276526 ,http://www.osia.org/sif/index.php,1 stars,"$981,620 ",Public Benefit,Community and Housing Development,www.charitynavigator.org/index.cfm?bay=search.summary&orgid=6837,sif@osia.org
7299,SonScape Retreat Ministries, P.O. Box 700 Divide CO 80814 tel: (888) 766-7227 : 74-2372030 null,http://sonscape.org/,1 stars,"$815,245 ",Religion,Religious Activities,www.charitynavigator.org/index.cfm?bay=search.summary&orgid=7299,info@sonscape.org
13512,South Bend Hebrew Day School, 206 West 8th Street Mishawaka IN 46544 tel: (574) 255-3351 fax: (574) 255-7553 : 35-1331725,http://www.southbendhebrewdayschool.com/,1 stars,"$1,669,098 ",Education,Private Elementary and Secondary Schools,www.charitynavigator.org/index.cfm?bay=search.summary&orgid=13512,
12778,Special Olympics Louisiana, 1000 East Morris Avenue Hammond LA 70403 tel: (985) 345-6644 fax: (985) 345-6649 : 72-0706608 ,http://laso.org/,1 stars,"$1,922,047 ",Human Services,Multipurpose Human Service Organizations,www.charitynavigator.org/index.cfm?bay=search.summary&orgid=12778,ssolomon@laso.org
4502,Stan Hywet Hall & Gardens, 714 North Portage Path Akron OH 44303 tel: (888) 836-5533 fax: (330) 836-2680 : 34-0819149 ,http://www.stanhywet.org,1 stars,"$3,969,005 ",Arts Culture Humanities,Libraries Historical Societies and Landmark Preservation,www.charitynavigator.org/index.cfm?bay=search.summary&orgid=4502,info@StanHywet.org
14760,Stephen's Children, 3755 36th Street SE Grand Rapids MI 49512 tel: (616) 502-7203 : 58-2219199null,http://www.stephenschildren.org/,1 stars,"$1,174,491 ",International,Development and Relief Services,www.charitynavigator.org/index.cfm?bay=search.summary&orgid=14760,
13553,Suffolk County Police Athletic League, 30 Yaphank Avenue Yaphank NY 11980 tel: (631) 852-6109 : 23-7356002null,http://www.suffolkpal.com/index2.php,1 stars,"$1,362,718 ",Human Services,Youth Development Shelter and Crisis Services,www.charitynavigator.org/index.cfm?bay=search.summary&orgid=13553,
12681,Summer Camp Opportunities Promote Education (SCOPE), 253 West 35th Street 4th Floor New York NY 10001 tel: (646) 278-4558 fax: (917) 720-9997 : 20-2772242,http://www.scope-ny.org,1 stars,"$1,067,653 ",Education,Other Education Programs and Services,www.charitynavigator.org/index.cfm?bay=search.summary&orgid=12681,info@scopeusa.org
13655,The Sun Valley Center for the Arts, The Center Ketchum 191 Fifth Street East Ketchum Sun Valley ID 83353 tel: (208) 726-9491 : 23-7113276 ,http://sunvalleycenter.org/,1 stars,"$2,690,544 ",Arts Culture Humanities,Performing Arts,www.charitynavigator.org/index.cfm?bay=search.summary&orgid=13655,information@sunvalleycenter.org
8368,SuperChannel WACX-TV, 285 West Central Parkway Altamonte Springs FL 32714 tel: (800) 720-1940 fax: (407) 263-4041 : 59-1798262 ,http://www.wacxtv.com,1 stars,"$3,230,125 ",Religion,Religious Media and Broadcasting,www.charitynavigator.org/index.cfm?bay=search.summary&orgid=8368,superchannel@superchannel.com
5247,Sword of the Lord, P.O. Box 1099 Murfreesboro TN 37133 tel: (800) 247-9673 fax: (615) 895-7447 : 36-2212715 ,http://www.swordofthelord.com,1 stars,"$1,844,386 ",Religion,Religious Media and Broadcasting,www.charitynavigator.org/index.cfm?bay=search.summary&orgid=5247,customerservice@swordofthelord.com
15082,Symphony Orchestra Augusta, 1301 Greene Street Augusta GA 30901 tel: (706) 826-4719 fax: (706) 826-4735 : 58-1806334P.O. Box 579,http://soaugusta.org/,1 stars,"$3,280,096 ",Arts Culture Humanities,Performing Arts,www.charitynavigator.org/index.cfm?bay=search.summary&orgid=15082,jenniferv@soaugusta.org
7790,Talmudical Yeshiva of Philadelphia, 6063 Drexel Road Philadelphia PA 19131 tel: (215) 473-1212 : 23-1476335nullnull,,1 stars,"$4,633,300 ",Education,Private Elementary and Secondary Schools,www.charitynavigator.org/index.cfm?bay=search.summary&orgid=7790,
12775,Teachers Without Borders, P.O. Box 25067 Seattle WA 98165 tel: (206) 623-0394 fax: (425) 491-7070 : 91-2023723 ,http://www.teacherswithoutborders.com,1 stars,"$60,713 ",International,Development and Relief Services,www.charitynavigator.org/index.cfm?bay=search.summary&orgid=12775,jessica@twb.org
6371,Teen Challenge NorWestCal Nevada, 390 Mathew St Santa Clara CA 95050 tel: (408) 703-2001 fax: (408) 703-2002 : 77-0071828P.O. Box 24309,http://www.teenchallenge.net,1 stars,"$1,346,592 ",Health,Treatment and Prevention Services,www.charitynavigator.org/index.cfm?bay=search.summary&orgid=6371,info@teenchallenge.net
9032,Teen Challenge of the Midlands, 900 North League Road Colfax IA 50054 tel: (515) 674-3713 fax: (515) 674-4463 : 47-0601957 ,http://www.tcmid.org/,1 stars,"$1,890,510 ",Health,Treatment and Prevention Services,www.charitynavigator.org/index.cfm?bay=search.summary&orgid=9032,info@tcmid.org
15398,Texas State Historical Association, 1400 West Highland Street Denton TX 76201 tel: (940) 369-5200 fax: (940) 369-5248 : 74-60252201155 Union Circle,http://www.tshaonline.org/,1 stars,"$1,515,045 ",Arts Culture Humanities,Libraries Historical Societies and Landmark Preservation,www.charitynavigator.org/index.cfm?bay=search.summary&orgid=15398,tshaonline@tshaonline.org
15414,Texas Tech Alumni Association, McKenzie-Merket Alumni Center 17th & University Lubbock TX 79409 tel: (888) 700-0855 fax: (806) 742-3604 : 75-6036607,http://www.texastechalumni.org/,1 stars,"$3,090,772 ",Education,Other Education Programs and Services,www.charitynavigator.org/index.cfm?bay=search.summary&orgid=15414,ttaa.communications@ttu.edu
8334,Thomas More Law Center, P.O. Box 393 Ann Arbor MI 48106 tel: (734) 827-2001 fax: (734) 930-7160 : 38-3448297 ,http://www.thomasmore.org/,1 stars,"$1,641,607 ",Public Benefit,Advocacy and Civil Rights,www.charitynavigator.org/index.cfm?bay=search.summary&orgid=8334,info@thomasmore.org
8762,Thoroughbred Retirement Foundation, P.O. Box 3387 Saratoga Springs NY 12866 tel: (518) 226-0028 fax: (518) 226-0699 : 13-3132741 ,http://www.trfinc.org,1 stars,"$1,687,059 ",Animals,Animal Rights Welfare and Services,www.charitynavigator.org/index.cfm?bay=search.summary&orgid=8762,diana@trfinc.org
13776,Thunderbird Lodge Preservation Society, P.O. Box 6812 Incline Village NV 89450 tel: (775) 832-8750 : 88-0434866 null,http://thunderbirdtahoe.org/,1 stars,"$2,397,767 ",Arts Culture Humanities,Libraries Historical Societies and Landmark Preservation,www.charitynavigator.org/index.cfm?bay=search.summary&orgid=13776,AskUs@ThunderbirdTahoe.org
7650,Tiger Haven, 237 Harvey Road Kingston TN 37763 tel: (865) 376-4100 fax: (865) 376-0284 : 62-1536897 ,http://www.tigerhaven.org/,1 stars,"$2,661,657 ",Animals,Wildlife Conservation,www.charitynavigator.org/index.cfm?bay=search.summary&orgid=7650,IndiaB@tigerhaven.org
8400,Tiger Missing Link Foundation, 17552 FM 14 Tyler TX 75706 tel: (903) 858-1008 fax: (903) 858-0119 : 34-1827209 ,http://www.tigerlink.org/,1 stars,"$2,862,666 ",Animals,Wildlife Conservation,www.charitynavigator.org/index.cfm?bay=search.summary&orgid=8400,tiger1@tigerlink.org
15451,Tomche Shabbos of Rockland County, 78 College Road Monsey NY 10952 tel: (845) 357-5885 : 13-3694712P.O. Box 847MONSEYMonsey NY 10952,https://www.tomcheshabbos.org/,1 stars,"$2,157,783 ",Human Services,Social Services,www.charitynavigator.org/index.cfm?bay=search.summary&orgid=15451,help@tomcheshabbos.org
11404,Tomorrows Children's Fund, 30 Prospect Avenue Hackensack NJ 07601 tel: (800) 282-3543 fax: (201) 488-1444 : 13-3155199 ,http://www.atcfkid.com,1 stars,"$1,742,939 ",Health,Patient and Family Support,www.charitynavigator.org/index.cfm?bay=search.summary&orgid=11404,sgarbe@atcfkid.com
6368,Tribe of Judah Motorcycle Ministries International, 123 McClellan Road Kingwood TX 77339 tel: (281) 358-7770 fax: (281) 358-7771 : 76-0104941P.O. Box 2423,http://www.tribeofjudah.com,1 stars,"$641,175 ",Religion,Religious Activities,www.charitynavigator.org/index.cfm?bay=search.summary&orgid=6368,toj@tribeofjudah.com
5433,U.S. PIRG Education Fund, 44 Winter Street 4th Floor Boston MA 02108 tel: (800) 841-7299 fax: (617) 292-8057 : 52-1384240,http://www.uspirg.org/edfund,1 stars,"$1,767,595 ",Public Benefit,Advocacy and Civil Rights,www.charitynavigator.org/index.cfm?bay=search.summary&orgid=5433,giving@pirg.org
9835,Union Mission, P.O. Box Charleston WV 25321 tel: (304) 925-0366 fax: (304) 925-0887 : 55-6000896,http://wefeedpeople.com/,1 stars,"$4,849,490 ",Human Services,Homeless Services,www.charitynavigator.org/index.cfm?bay=search.summary&orgid=9835,
5951,United Jewish Federation of Greater Stamford New Canaan and Darien, 1035 Newfield Avenue Suite 200 Stamford CT 06905 tel: (203) 321-1373 fax: (203) 322-3277 : 06-0923384,http://www.ujf.org/,1 stars,"$1,535,540 ",Public Benefit,Fundraising Organizations,www.charitynavigator.org/index.cfm?bay=search.summary&orgid=5951,office@ujf.org
10020,United Methodist Homes of New Jersey Foundation, 3311 State Route 33 Neptune NJ 07753 tel: (732) 922-9800 fax: (732) 922-9807 : 22-2720958 ,http://www.umhfoundation.org/,1 stars,"$1,271,359 ",Public Benefit,Fundraising Organizations,www.charitynavigator.org/index.cfm?bay=search.summary&orgid=10020,lcarlson@umh-nj.org
11009,United States Justice Foundation, 932 D Street Suite 2 Ramona CA 92065 tel: (760) 788-6624 fax: (760) 788-6414 : 95-3523852,http://www.usjf.net,1 stars,"$4,383,361 ",Public Benefit,Research and Public Policy Institutions,www.charitynavigator.org/index.cfm?bay=search.summary&orgid=11009,info@usjf.net
13870,United Way of Hudson County, 857 Bergen Avenue Jersey City NJ 07306 tel: (201) 434-2625 fax: (201) 434-8643 : 22-1487218 ,http://www.unitedwayhudson.org/,1 stars,"$1,963,282 ",Public Benefit,Fundraising Organizations,www.charitynavigator.org/index.cfm?bay=search.summary&orgid=13870,contact@unitedwayhudson.org
14638,United Way of Southeast Arkansas, P.O. Box 8702 Pine Bluff AR 71611 tel: (870) 534-2153 fax: (870) 534-8005 : 71-0236869 ,http://uwseark.org/,1 stars,"$1,425,736 ",Public Benefit,Fundraising Organizations,www.charitynavigator.org/index.cfm?bay=search.summary&orgid=14638,karen.small@unitedway.org
12925,University of Maryland Alumni Association, The Samuel Riggs IV Alumni Center 2nd Floor College Park MD 20742 tel: (800) 336-8627 : 52-1630673 ,http://alumni.umd.edu/s/1132/start.aspx,1 stars,"$3,852,222 ",Education,Other Education Programs and Services,www.charitynavigator.org/index.cfm?bay=search.summary&orgid=12925,alumni@umd.edu
15447,UrbanGlass, 647 Fulton Street Brooklyn NY 11217 tel: (718) 625-3685 fax: (718) 625-3889 : 13-3098471 ,http://www.urbanglass.org/,1 stars,"$1,274,862 ",Arts Culture Humanities,Performing Arts,www.charitynavigator.org/index.cfm?bay=search.summary&orgid=15447,info@urbanglass.org
14333,USA Canoe/Kayak, 725 South Lincoln Boulevard Oklahoma City OK 73129 tel: (405) 552-4040 : 36-3332979 null,http://www.teamusa.org/USA-Canoe-Kayak,1 stars,"$1,001,631 ",Human Services,Multipurpose Human Service Organizations,www.charitynavigator.org/index.cfm?bay=search.summary&orgid=14333,membership@usack.org
5985,Vaad L'Hatzolas Nidchei Yisroel, 1566 Coney Island Avenue Brooklyn NY 11230 tel: (718) 252-5974 fax: (718) 252-5159 : 11-3245314 ,http://www.thevaad.com/,1 stars,"$789,702 ",Religion,Religious Activities,www.charitynavigator.org/index.cfm?bay=search.summary&orgid=5985,zvaad@aol.com
15253,Valley Interfaith Food & Clothing Center, 420 West Wyoming Lockland OH 45215 tel: (513) 821-3233 fax: (513) 821-3236 : 31-1261322 ,http://www.vifcc.org/,1 stars,"$1,774,132 ",Human Services,Food Banks Food Pantries and Food Distribution,www.charitynavigator.org/index.cfm?bay=search.summary&orgid=15253,Info@VIFCC.org
8504,Victory Ministries of Alaska, 64741 South Victory Road Sutton AK 99674 tel: (907) 745-4203 fax: (907) 745-4206 : 92-0143034 ,http://www.victorymin.org/,1 stars,"$1,909,634 ",Religion,Religious Activities,www.charitynavigator.org/index.cfm?bay=search.summary&orgid=8504,Donormail@victorymin.org
13247,Virgin Unite USA, 65 Bleecker Street New York NY 10012 : 20-3963486 nullnull,http://www.virgin.com/unite,1 stars,"$4,961,248 ",International,Foreign Charity Support Organizations,www.charitynavigator.org/index.cfm?bay=search.summary&orgid=13247,virginunite@virginusa.com
8362,Virginia Opera, 160 East Virginia Beach Boulevard Norfolk VA 23510 tel: (757) 627-9545 fax: (757) 622-0058 : 54-0985006P.O. Box 2580,http://www.vaopera.org/,1 stars,"$7,605,510 ",Arts Culture Humanities,Performing Arts,www.charitynavigator.org/index.cfm?bay=search.summary&orgid=8362,info@vaopera.org
4708,Walk Thru the Bible, 4201 North Peachtree Road Atlanta GA 30341 tel: (800) 361-6131 : 93-0669857 null,http://www.walkthru.org,1 stars,"$4,165,565 ",Religion,Religious Media and Broadcasting,www.charitynavigator.org/index.cfm?bay=search.summary&orgid=4708,donorinfo@walkthru.org
15265,Warren Family Mission, 2671 Youngstown Road Warren OH 44483 tel: (330) 394-5437 fax: (330) 392-4357 : 34-1919612 ,http://warrenfamilymission.com/,1 stars,"$1,048,384 ",Human Services,Homeless Services,www.charitynavigator.org/index.cfm?bay=search.summary&orgid=15265,info@warrenfamilymission.com
5998,The Way to Work, 1290 Avenue of the Americas New York NY 10004 tel: (212) 823-1032 : 13-1878246 null,http://www.waytoworknyc.org,1 stars,"($181,187)",Human Services,Social Services,www.charitynavigator.org/index.cfm?bay=search.summary&orgid=5998,gramon@vfinyc.org
13466,Wayne Council of Parent Teacher Organizations, 50 Nellis Drive Wayne NJ 07470 tel: (201) 934-1714 : 22-3282304null,http://waynecouncilofptos.webs.com/,1 stars,"$1,217,381 ",Education,Other Education Programs and Services,www.charitynavigator.org/index.cfm?bay=search.summary&orgid=13466,
8200,WCPE, P.O. Box 897 Wake Forest NC 27588 tel: (800) 556-5178 fax: (919) 556-9273 : 56-1061859 ,http://theclassicalstation.org,1 stars,"$1,814,583 ",Arts Culture Humanities,Public Broadcasting and Media,www.charitynavigator.org/index.cfm?bay=search.summary&orgid=8200,membership@TheClassicalStation.org
13947,We Care Program, 3493 Highway 21 Atmore AL 36502 tel: (251) 368-8818 fax: (251) 368-0932 : 63-0842141 ,http://www.wecareprogram.org/,1 stars,"$1,603,756 ",Religion,Religious Activities,www.charitynavigator.org/index.cfm?bay=search.summary&orgid=13947,info@wecareprogram.org
5863,Wildlife WayStation, 14831 Little Tujunga Canyon Road Sylmar CA 91342 tel: (818) 899-5201 : 95-3190812 null,http://www.wildlifewaystation.org,1 stars,"$2,217,041 ",Animals,Animal Rights Welfare and Services,www.charitynavigator.org/index.cfm?bay=search.summary&orgid=5863,info@wildlifewaystation.org
4745,Wisconsin Public Broadcasting Foundation, 3319 West Beltline Highway Madison WI 53713 tel: (608) 264-9600 fax: (608) 264-9664 : 39-1447533 ,http://www.ecb.org,1 stars,"$11,722,505 ",Arts Culture Humanities,Public Broadcasting and Media,www.charitynavigator.org/index.cfm?bay=search.summary&orgid=4745,gene.purcell@ecb.org
10130,Women's Initiative for Self Employment, 1398 Valencia Street San Francisco CA 94110 tel: (415) 641-3460 fax: (415) 826-1885 : 94-3081525 ,http://www.womensinitiative.org,1 stars,"$4,170,480 ",Human Services,Social Services,www.charitynavigator.org/index.cfm?bay=search.summary&orgid=10130,jabrams@womensinitiative.org
11296,World Link Ministries, P.O. Box 153026 Irving TX 75015 tel: (972) 253-6800 : 93-1135565 null,http://www.worldlinkministries.org,1 stars,"$1,000,166 ",Religion,Religious Activities,www.charitynavigator.org/index.cfm?bay=search.summary&orgid=11296,information@worldlinkministries.org
5873,World MAP, 1419 North San Fernando Boulevard Burbank CA 91504 tel: (818) 843-7233 fax: (818) 845-5000 : 95-3711613 ,http://www.world-map.com,1 stars,"$754,133 ",Religion,Religious Media and Broadcasting,www.charitynavigator.org/index.cfm?bay=search.summary&orgid=5873,wmap@world-map.com
3318,World Villages for Children, 180 Admiral Cochrane Drive Suite 240 Annapolis MD 21401 tel: (301) 779-4141 fax: (301) 779-4144 : 52-1440944,http://www.worldvillages.org/,1 stars,"$8,817,365 ",International,Development and Relief Services,www.charitynavigator.org/index.cfm?bay=search.summary&orgid=3318,info@worldvillages.org
5772,WorldServe Ministries, P.O. Box 1509 Frisco TX 75034 tel: (888) 254-8005 fax: (469) 633-9604 : 91-1544149 ,http://www.worldserve.org,1 stars,"$508,987 ",Religion,Religious Activities,www.charitynavigator.org/index.cfm?bay=search.summary&orgid=5772,usoffice@worldserve.org
13789,Yavapai Humane Society, 1625 Sundog Ranch Road Prescott AZ 86301 tel: (928) 445-2666 : 86-0327745 null,http://www.yavapaihumane.org/,1 stars,"$1,999,787 ",Animals,Animal Rights Welfare and Services,www.charitynavigator.org/index.cfm?bay=search.summary&orgid=13789,info@yavapaihumane.org
13809,Yellowstone Art Museum, 401 North 27th Street Billings MT 59101 tel: (406) 256-6804 : 81-6014902 null,http://www.artmuseum.org/,1 stars,"$1,145,503 ",Arts Culture Humanities,Museums,www.charitynavigator.org/index.cfm?bay=search.summary&orgid=13809,artinfo@artmuseum.org
4778,Yeshivat Shaare Torah, 1202 Avenue P Brooklyn NY 11230 tel: (718) 645-6676 : 11-2613334 null,http://shaaretorahbhs.tripod.com/,1 stars,"$13,585,438 ",Education,Private Elementary and Secondary Schools,www.charitynavigator.org/index.cfm?bay=search.summary&orgid=4778,sths@shaaretorahbhs.com
10763,YMCA of Sioux Falls, 230 South Minnesota Avenue Sioux Falls SD 57104 tel: (605) 336-3190 fax: (605) 336-3516 : 46-0225021 ,http://www.siouxfallsymca.org/,1 stars,"$3,478,875 ",Human Services,Multipurpose Human Service Organizations,www.charitynavigator.org/index.cfm?bay=search.summary&orgid=10763,%20info@siouxfallsymca.org
8005,Youth Development Fund, Eight Canberra Drive Knoxville TN 37923 tel: (865) 690-8521 : 58-1494135 null,http://www.youthdevelopmentfund.org,1 stars,"$5,533,585 ",International,Humanitarian Relief Supplies,www.charitynavigator.org/index.cfm?bay=search.summary&orgid=8005,boweenie@yahoo.com
13212,Zion's Hope, P.O. Box 783369 Winter Garden FL 34778 tel: (888) 781-9466 : 20-3390218 null,http://www.zionshope.org,1 stars,"$2,524,190 ",Religion,Religious Activities,www.charitynavigator.org/index.cfm?bay=search.summary&orgid=13212,info@zionshope.org
